"gene","human_t","mouse_rho","combined_p","combined_q","sign_consistent","conserved"
"G0069",2.78332289909405,0.998974109065311,6.19201980215893e-69,1.23840396043179e-65,TRUE,TRUE
"G0149",3.2917119487734,0.994163093423511,6.07850031928614e-51,6.07850031928614e-48,TRUE,TRUE
"G1509",1.21627912218814,0.942620733643243,2.3869670979808e-24,1.59131139865387e-21,TRUE,FALSE
"G0267",5.58347146463346,0.881290943785845,9.18323585749991e-24,4.59161792874995e-21,TRUE,TRUE
"G0285",2.79761294529399,0.909520365542149,2.86049046418254e-21,1.14419618567302e-18,TRUE,TRUE
"G1704",5.37135170401468,0.844528753892821,1.43210632381193e-20,4.77368774603977e-18,TRUE,TRUE
"G0309",3.25820723833964,0.894909065481751,2.11751843082735e-20,6.05005265950671e-18,TRUE,TRUE
"G1351",3.39966551937488,0.87255929170344,1.10670844754382e-18,2.76677111885956e-16,TRUE,TRUE
"G1637",5.31244499677451,0.809876312417032,1.7728558252142e-18,3.93967961158712e-16,TRUE,TRUE
"G1707",6.18114512456219,0.732827252207424,1.80899878138499e-17,3.61799756276998e-15,TRUE,TRUE
"G0739",2.23531975680352,0.874361977910384,2.77001326905275e-17,5.03638776191409e-15,TRUE,TRUE
"G1674",3.55855567658574,0.847882149745769,3.48024953722773e-17,5.80041589537955e-15,TRUE,TRUE
"G1311",4.55779197390937,0.801074891902274,2.0979601610338e-16,3.22763101697507e-14,TRUE,TRUE
"G0289",3.47330273462838,0.829392935431225,6.23953623150515e-16,8.31938164200686e-14,TRUE,TRUE
"G1552",3.72609774505721,0.822414930981986,5.89925551836941e-16,8.31938164200686e-14,TRUE,TRUE
"G0678",3.85743617053149,0.811503216823547,1.31729587072771e-15,1.64661983840964e-13,TRUE,TRUE
"G1474",5.53585555304292,0.722687761350995,1.74320006882422e-15,2.05082361038143e-13,TRUE,TRUE
"G1243",5.0816778785698,0.734438562412507,7.99139594898919e-15,8.87932883221021e-13,TRUE,TRUE
"G1916",2.37549059693004,0.826348867982946,2.87018132540309e-14,3.0212435004243e-12,TRUE,TRUE
"G0424",3.00708108435696,0.808945850512088,3.74854394830824e-14,3.74854394830824e-12,TRUE,TRUE
"G1152",4.83773972287211,0.71744566948455,9.83138590219395e-14,9.36322466875614e-12,TRUE,TRUE
"G1300",2.89157038176258,0.80200214953718,1.17736598407185e-13,1.07033271279259e-11,TRUE,TRUE
"G1051",4.81778258709507,0.712254163765356,1.5765197043483e-13,1.3708866994333e-11,TRUE,TRUE
"G1653",2.82216864095338,0.800770048115626,1.6667389246152e-13,1.388949103846e-11,TRUE,TRUE
"G0047",4.85973630981608,0.703256927626268,2.41333194903935e-13,1.93066555923148e-11,TRUE,TRUE
"G1347",3.38915244917817,0.777030514387068,2.96450406467848e-13,2.28038774206037e-11,TRUE,TRUE
"G1176",5.70960510540309,0.617799387931792,3.98428655826092e-13,2.95132337648957e-11,TRUE,TRUE
"G0718",6.45087457518444,0.505864642410118,4.76695914291348e-13,3.40497081636677e-11,TRUE,TRUE
"G1213",2.52936439610253,0.795752630622142,6.68176864613472e-13,4.60811630767912e-11,TRUE,TRUE
"G0532",5.06627780976699,0.666806308658114,8.85744118336668e-13,5.90496078891112e-11,TRUE,TRUE
"G1291",3.88673149161372,0.741781183604623,1.02568406601309e-12,6.61731655492314e-11,TRUE,TRUE
"G0754",3.14176586665829,0.772542670556116,1.05956920832455e-12,6.62230755202844e-11,TRUE,TRUE
"G0167",3.11969306732288,0.77154210125921,1.25165695894261e-12,7.58579975116731e-11,TRUE,TRUE
"G0491",3.12638769022885,0.77063871881389,1.33204237122605e-12,7.83554336015325e-11,TRUE,TRUE
"G1627",4.45991625139713,0.704897871754953,1.41649016150145e-12,8.09422949429401e-11,TRUE,TRUE
"G0197",4.46362087933487,0.701868793767103,1.71513908390854e-12,9.52855046615857e-11,TRUE,TRUE
"G0893",3.80551654990858,0.738830622855642,1.79299566291651e-12,9.69186844819736e-11,TRUE,TRUE
"G1113",5.00142828485569,0.651356949526743,3.0015726858172e-12,1.57977509779853e-10,TRUE,TRUE
"G1997",3.79202792521848,0.732322124080915,3.1565142655431e-12,1.61872526438108e-10,TRUE,TRUE
"G0010",2.48178113684662,0.777307010775569,4.91065566813147e-12,2.43989553495649e-10,TRUE,TRUE
"G0896",4.01678517268739,0.714105968147508,5.0017858466608e-12,2.43989553495649e-10,TRUE,TRUE
"G0317",4.5401356382382,0.67399208197519,7.31585598061498e-12,3.40638530321145e-10,TRUE,TRUE
"G0960",4.98829607621171,0.636214507967337,7.32372840190462e-12,3.40638530321145e-10,TRUE,TRUE
"G0558",2.68805224575251,0.760444429055506,1.30203763208058e-11,5.79564941095004e-10,TRUE,TRUE
"G1778",3.937559583944,0.705060482204551,1.30402111746376e-11,5.79564941095004e-10,TRUE,TRUE
"G0865",3.5956453258139,0.720086848584173,1.678542083021e-11,7.29800905661303e-10,TRUE,TRUE
"G0977",5.73357258781972,0.525576784588108,1.80580793887714e-11,7.68428910160484e-10,TRUE,TRUE
"G1814",2.15017111582215,0.771254570705331,2.03903050438956e-11,8.49596043495651e-10,TRUE,TRUE
"G0837",6.06462029306344,0.458974356263451,2.36728451690041e-11,9.66238578326697e-10,TRUE,TRUE
"G1104",6.03253618110404,0.459278791396653,2.84290579091488e-11,1.13716231636595e-09,TRUE,TRUE
"G1501",0.333464062836413,0.79604275420226,3.65214254540292e-11,1.43221276290311e-09,TRUE,FALSE
"G1640",2.37720659064971,0.75530091745039,4.79708304633486e-11,1.84503194089802e-09,TRUE,TRUE
"G1677",4.153570040423,0.669418950471219,5.28427060467911e-11,1.99406437912419e-09,TRUE,TRUE
"G0864",-0.783459897789931,0.784366937794511,7.23637697119172e-11,2.6801396189599e-09,FALSE,FALSE
"G0248",1.65338154137208,0.763833030270557,1.20072744518732e-10,4.28807697600015e-09,TRUE,FALSE
"G0908",4.96241018135955,0.580424833617715,1.22210193816004e-10,4.28807697600015e-09,TRUE,TRUE
"G1946",4.06514335370285,0.661507916306443,1.21777965102247e-10,4.28807697600015e-09,TRUE,TRUE
"G0212",4.77927596846225,0.599128995614557,1.28527133734878e-10,4.43197012878889e-09,TRUE,TRUE
"G0535",5.64579038887816,0.462600147602219,2.40931827178001e-10,8.03106090593336e-09,TRUE,TRUE
"G1978",1.79768172014453,0.75256137746671,2.38186840825416e-10,8.03106090593336e-09,TRUE,FALSE
"G0132",1.60342072725396,0.7568344397648,2.45197725559992e-10,8.03926969049156e-09,TRUE,FALSE
"G0683",4.13764834564647,0.642838857100733,2.56182959431841e-10,8.26396643328518e-09,TRUE,TRUE
"G1251",4.986283471294,0.554849964393702,3.16475327042941e-10,1.0046835779141e-08,TRUE,TRUE
"G0463",5.56408900404062,0.463084753225099,3.73758417359125e-10,1.16799505424727e-08,TRUE,TRUE
"G0730",5.58305763304445,0.454711031316823,4.3180489681528e-10,1.32863045173932e-08,TRUE,TRUE
"G0924",6.26024450044762,0.266802637377415,5.49060883780316e-10,1.66382085994035e-08,TRUE,FALSE
"G0906",1.68775396801852,0.744626295241603,5.778041033652e-10,1.72478836825433e-08,TRUE,FALSE
"G1735",3.42836674738176,0.675772243949743,5.98574992200813e-10,1.76051468294357e-08,TRUE,TRUE
"G0118",3.83341094582132,0.64895006446375,6.2885274498883e-10,1.79672212853951e-08,TRUE,TRUE
"G0389",3.92185177824324,0.642750169790037,6.22180393146482e-10,1.79672212853951e-08,TRUE,TRUE
"G1322",3.41785750860555,0.674057476364941,6.89549853521294e-10,1.94239395358111e-08,TRUE,TRUE
"G0056",1.51862750021325,0.744562082542592,8.07342578708856e-10,2.24261827419127e-08,TRUE,FALSE
"G1157",2.73466326502753,0.704827930030146,8.57362166857538e-10,2.34893744344531e-08,TRUE,TRUE
"G1846",3.85775933952426,0.629836481635885,1.58342364042959e-09,4.27952335251241e-08,TRUE,TRUE
"G0432",3.42389760315401,0.658147765335139,1.72025275154488e-09,4.58734067078634e-08,TRUE,TRUE
"G1862",4.19538064506749,0.590856625067666,2.60857402214268e-09,6.86466847932283e-08,TRUE,TRUE
"G1807",2.7316162803451,0.68721639860211,2.76804577558021e-09,7.18972928722133e-08,TRUE,TRUE
"G0116",3.73189879583203,0.627003370114359,2.9766816719359e-09,7.63251710752795e-08,TRUE,TRUE
"G1898",0.0343937257186462,0.751381717073568,3.19329021909076e-09,8.08427903567282e-08,TRUE,FALSE
"G0898",4.27152440775202,0.574893220588305,3.79272493808643e-09,9.48181234521607e-08,TRUE,TRUE
"G1534",5.29824607526342,0.427350384254528,4.3215670935883e-09,1.06705360335514e-07,TRUE,TRUE
"G1333",5.81649943994958,0.297066553394601,4.55681335415161e-09,1.11141789125649e-07,TRUE,TRUE
"G1867",3.1986740308135,0.651114335024044,5.52291273897792e-09,1.33082234674167e-07,TRUE,TRUE
"G1680",2.23564313647821,0.696395454051434,5.79406447529146e-09,1.37953916078368e-07,TRUE,TRUE
"G0450",3.24641807520915,0.643786941482113,7.02949171358719e-09,1.65399805025581e-07,TRUE,TRUE
"G1825",4.51051304911494,0.53066885500089,7.65885298369868e-09,1.78112860086016e-07,TRUE,TRUE
"G1481",2.87773319110216,0.661632631219675,8.44343525431328e-09,1.94101959869271e-07,TRUE,TRUE
"G1652",2.59625901390459,0.672056128723963,1.03729630930039e-08,2.35749161204635e-07,TRUE,TRUE
"G1840",4.55090766694712,0.514575187584921,1.13839561279603e-08,2.55819238830568e-07,TRUE,TRUE
"G0826",3.23035536510018,0.631084039313441,1.4485339972507e-08,3.20064312690791e-07,TRUE,TRUE
"G1393",3.56444788462901,0.607361946199297,1.4562926227431e-08,3.20064312690791e-07,TRUE,TRUE
"G0951",2.86325047315926,0.651883183779189,1.53037472462728e-08,3.3269015752767e-07,TRUE,TRUE
"G0734",5.30559041120399,0.365194161202958,1.90665083941057e-08,4.10032438582918e-07,TRUE,TRUE
"G0620",5.52186699135835,0.307332887428886,1.95341053866266e-08,4.15619263545248e-07,TRUE,TRUE
"G1235",6.03682854407193,0.0668925001689916,2.17647985430622e-08,4.582062851171e-07,TRUE,FALSE
"G1536",2.70008467721277,0.653913568397422,2.20844008286304e-08,4.59403619086219e-07,TRUE,TRUE
"G1732",4.83391828161542,0.452067492960093,2.22810755256816e-08,4.59403619086219e-07,TRUE,TRUE
"G1920",4.14107146491575,0.542510525274642,2.43305472060027e-08,4.96541779714341e-07,TRUE,TRUE
"G0981",3.36567033826051,0.607246784423464,2.96400321517353e-08,5.92800643034707e-07,TRUE,TRUE
"G1328",5.19326239154822,0.371655741432951,2.95043658552324e-08,5.92800643034707e-07,TRUE,TRUE
"G1746",1.39617119983163,0.696145600829356,3.47203434580674e-08,6.87531553625097e-07,TRUE,FALSE
"G0910",3.30293958309497,0.607964365986628,3.55210059929869e-08,6.96490313587979e-07,TRUE,TRUE
"G0647",2.52235502484126,0.650233508777394,4.44410991221997e-08,8.54636521580763e-07,TRUE,TRUE
"G1260",4.7211162009682,0.446630324136078,4.44347445957312e-08,8.54636521580763e-07,TRUE,TRUE
"G0208",4.1468861767953,0.520652721851765,5.32037062275294e-08,1.01340392814342e-06,TRUE,TRUE
"G0991",2.09710025504227,0.663360286849296,6.20445280362195e-08,1.1706514723815e-06,TRUE,TRUE
"G0853",3.11215273929847,0.609275624024411,6.27708467209227e-08,1.17328685459669e-06,TRUE,TRUE
"G1220",5.51396893409686,0.238202134704784,6.42964026210982e-08,1.18915349719346e-06,TRUE,FALSE
"G1234",3.53091365091359,0.57683840469358,6.48088655970438e-08,1.18915349719346e-06,TRUE,TRUE
"G0995",1.47265215740846,0.6835537451827,6.77236913265989e-08,1.2313398423018e-06,TRUE,FALSE
"G1013",4.4651951247937,0.471529684622367,6.85716909138133e-08,1.23552596241105e-06,TRUE,TRUE
"G0133",1.31889744780488,0.686867091767336,7.2116653473373e-08,1.28779738345309e-06,TRUE,FALSE
"G0038",5.04978667334603,0.357268759710908,8.37059390111123e-08,1.48152104444447e-06,TRUE,TRUE
"G1061",4.27625454554095,0.48142372501528,1.14834048552324e-07,2.01463243074252e-06,TRUE,TRUE
"G0943",2.80300946107854,0.616361634949258,1.15848562052449e-07,2.01475760091216e-06,TRUE,TRUE
"G1786",1.93058517512855,0.65732769970199,1.27638514283406e-07,2.20066403936907e-06,TRUE,FALSE
"G1600",4.30286536532522,0.473715246718231,1.30254259306613e-07,2.22656853515578e-06,TRUE,TRUE
"G0562",3.51539536663792,0.560921652545608,1.32598482837684e-07,2.24642982310574e-06,TRUE,TRUE
"G0914",-0.393016175895513,0.696556171269769,1.34409299159246e-07,2.24642982310574e-06,FALSE,FALSE
"G1465",3.71471902531076,0.541848181985151,1.34785789386344e-07,2.24642982310574e-06,TRUE,TRUE
"G0302",4.42766740129438,0.449303419955317,1.56086960026285e-07,2.57994975250058e-06,TRUE,TRUE
"G0299",2.29905173620258,0.636984459416108,1.61781343276908e-07,2.6521531684739e-06,TRUE,TRUE
"G1097",3.85132471746652,0.521694779499906,1.67973600645927e-07,2.73127805928337e-06,TRUE,TRUE
"G0490",4.70415397427449,0.397111830544581,1.77030792475555e-07,2.85533536250896e-06,TRUE,TRUE
"G0455",2.84623664323498,0.598974514951228,2.3135496098806e-07,3.67230096806445e-06,TRUE,TRUE
"G1006",2.36106563488681,0.627048621129735,2.30180111218336e-07,3.67230096806445e-06,TRUE,TRUE
"G1227",3.97791448597807,0.496839724227989,2.39293222634647e-07,3.76839720684483e-06,TRUE,TRUE
"G1379",2.91800787416409,0.593077396827544,2.43451109452002e-07,3.80392358518754e-06,TRUE,TRUE
"G1364",4.09335996321775,0.481378340442768,2.46877458283714e-07,3.82755749277076e-06,TRUE,TRUE
"G1657",5.01167575819223,0.309679093561443,2.62609588337416e-07,4.04014751288332e-06,TRUE,TRUE
"G0286",2.33155888013449,0.62537775655978,2.69828785437994e-07,4.11952344180143e-06,TRUE,TRUE
"G1456",1.99511461068741,0.638357554123695,3.09846658679192e-07,4.69464634362412e-06,TRUE,FALSE
"G1358",2.78680415938732,0.594562258271914,3.3675063257882e-07,5.06391928689954e-06,TRUE,TRUE
"G1511",2.01159663131325,0.634702542249065,3.61101514675366e-07,5.38957484590098e-06,TRUE,TRUE
"G1578",1.35798143875315,0.656842890498326,4.02010736409696e-07,5.95571461347698e-06,TRUE,FALSE
"G1170",3.59401434940931,0.5202840746682,4.63944028713592e-07,6.82270630461165e-06,TRUE,TRUE
"G1718",5.33462188913161,0.156540986822354,4.73736860843529e-07,6.91586658165735e-06,TRUE,FALSE
"G1624",1.93144372975234,0.632665212843667,4.79194549147549e-07,6.94484853837027e-06,TRUE,FALSE
"G0790",2.03151956644029,0.627617844804187,4.95429844749932e-07,7.12848697481917e-06,TRUE,TRUE
"G1697",0.801854741860548,0.667394938895467,5.08302651859348e-07,7.26146645513355e-06,TRUE,FALSE
"G1740",2.87786602018211,0.577915692395487,5.32576817293263e-07,7.55428109635834e-06,TRUE,TRUE
"G0298",1.9219027811199,0.629155064467318,5.85038254010805e-07,8.12553130570563e-06,TRUE,FALSE
"G1281",3.57709637481629,0.515601967256277,5.8132812311492e-07,8.12553130570563e-06,TRUE,TRUE
"G1542",4.69859246502678,0.345263869915695,5.8272941963956e-07,8.12553130570563e-06,TRUE,TRUE
"G0400",2.47177472438005,0.599834295628566,6.36979593890784e-07,8.73484232589477e-06,TRUE,TRUE
"G0638",2.23494712485057,0.612697567529274,6.37643489790318e-07,8.73484232589477e-06,TRUE,TRUE
"G1960",4.8522307397594,0.296176814507272,7.26514699852054e-07,9.88455373948372e-06,TRUE,TRUE
"G0773",2.13640506273105,0.614575479669656,7.38169484258702e-07,9.97526330079327e-06,TRUE,TRUE
"G1929",4.21528782061267,0.421198384381726,8.35730964655641e-07,1.12178652973912e-05,TRUE,TRUE
"G1218",3.76538576660237,0.480063838542584,9.34446527790502e-07,1.24592870372067e-05,TRUE,TRUE
"G0546",4.94242227007711,0.245189239485934,1.08361593970862e-06,1.43525290027632e-05,TRUE,FALSE
"G1483",3.85182438404838,0.458584811750646,1.28362898092668e-06,1.67794638029632e-05,TRUE,TRUE
"G1925",4.81276302825637,0.274021136741426,1.27957967622837e-06,1.67794638029632e-05,TRUE,TRUE
"G0574",3.44098450922374,0.505899250188595,1.31372780651378e-06,1.70614000845945e-05,TRUE,TRUE
"G1852",3.53486137652647,0.493878036364844,1.40408118020284e-06,1.81171765187464e-05,TRUE,TRUE
"G1413",1.27729840552061,0.633632218051819,1.59640721999084e-06,2.04667592306518e-05,TRUE,FALSE
"G0721",2.51912853227385,0.574697877376849,1.68677940559946e-06,2.14876357401205e-05,TRUE,TRUE
"G0475",4.31286188438655,0.37351098759988,1.75793548476938e-06,2.22523479084731e-05,TRUE,TRUE
"G1875",3.10205081043191,0.528202588872115,1.86746306749068e-06,2.34901014778702e-05,TRUE,TRUE
"G0088",2.89309036576595,0.545300665827781,1.8896684877511e-06,2.36208560968888e-05,TRUE,TRUE
"G0488",4.19855855009222,0.389410637295081,1.97152874398302e-06,2.44910402979258e-05,TRUE,TRUE
"G0777",3.56487264523043,0.477878736973022,2.09218925135299e-06,2.58294969302838e-05,TRUE,TRUE
"G0449",1.46819894151746,0.619773464892819,2.29542271169324e-06,2.81646958489968e-05,TRUE,FALSE
"G1482",2.52891342473402,0.565880432842674,2.36402196706755e-06,2.88295361837506e-05,TRUE,TRUE
"G1595",1.907535520711,0.599877857793284,2.45846757460985e-06,2.97996069649678e-05,TRUE,FALSE
"G1847",3.08101288831363,0.518415078116102,2.82499007062158e-06,3.4036024947248e-05,TRUE,TRUE
"G0584",2.38983834757096,0.568843526189738,3.01499718291104e-06,3.61077506935454e-05,TRUE,TRUE
"G1610",1.18453275457851,0.623659288986276,3.0600966550968e-06,3.64297220844857e-05,TRUE,FALSE
"G0092",2.90353894530507,0.530902375050642,3.12750096080011e-06,3.70118456899421e-05,TRUE,TRUE
"G1072",3.57708336507789,0.461330239730319,3.29260700366731e-06,3.82861279496199e-05,TRUE,TRUE
"G1756",2.23949880550962,0.575832903069696,3.28297650106413e-06,3.82861279496199e-05,TRUE,TRUE
"G1944",2.92050004143928,0.528210287820927,3.27563270906901e-06,3.82861279496199e-05,TRUE,TRUE
"G1200",4.65786216325785,0.254917270647071,3.55947049814704e-06,4.11499479554571e-05,TRUE,FALSE
"G1105",2.49645453540052,0.552688837366436,4.35293507541475e-06,5.00337364990201e-05,TRUE,TRUE
"G1601",3.61094802499208,0.446380021594464,4.46916983022811e-06,5.10762266311784e-05,TRUE,TRUE
"G0610",2.37766149877407,0.55821326776105,4.77073677448451e-06,5.42129178918694e-05,TRUE,TRUE
"G1078",4.70891878830688,0.21804581951571,4.8053465685846e-06,5.4297701339939e-05,TRUE,FALSE
"G1363",4.20833051479716,0.335803249971117,6.06270765701918e-06,6.81203107530245e-05,TRUE,TRUE
"G1261",3.33610725610215,0.468666970296697,6.13105102674338e-06,6.85033634273003e-05,TRUE,TRUE
"G1317",3.4461979079215,0.455149425055773,6.24940401364134e-06,6.94378223737926e-05,TRUE,TRUE
"G1453",3.55303902222122,0.441364196760465,6.32147716342337e-06,6.98505763914185e-05,TRUE,TRUE
"G0553",2.96148703951965,0.504448350090111,6.58702616595582e-06,7.23849029225914e-05,TRUE,TRUE
"G1369",3.32213742631498,0.465959923147816,6.96421143176274e-06,7.61116003471338e-05,TRUE,TRUE
"G0847",3.32499208965212,0.46360083138213,7.39460153532673e-06,8.03761036448558e-05,TRUE,TRUE
"G1269",2.3308513951748,0.54810372572153,7.94937584181868e-06,8.59391982899316e-05,TRUE,TRUE
"G0907",0.800021240930968,0.608691911401372,1.0837853310588e-05,0.000116536057103097,TRUE,FALSE
"G0460",3.71388426560417,0.394316241656504,1.17493645504713e-05,0.000125661652946217,TRUE,TRUE
"G0090",3.05449978257989,0.476933978006578,1.18975252844226e-05,0.000126569417919389,TRUE,TRUE
"G0749",3.65166379252136,0.40127784406769,1.24859937379217e-05,0.000132126917861605,TRUE,TRUE
"G0963",1.48530473109054,0.581360338373853,1.27667693668799e-05,0.000134387045967157,TRUE,FALSE
"G0557",4.76955251473745,0.100461615883752,1.32001599344596e-05,0.000137662493105123,TRUE,FALSE
"G1638",1.44760896293719,0.58212878482493,1.32155993380918e-05,0.000137662493105123,TRUE,FALSE
"G1132",-0.788663548022783,0.604126928498715,1.35750688536858e-05,0.000140674288639231,FALSE,FALSE
"G0870",2.73864008962673,0.498537471562619,1.54008500160927e-05,0.00015877164965044,TRUE,TRUE
"G1411",1.90655668614355,0.555756406028819,1.58028109237813e-05,0.000162080112038782,TRUE,FALSE
"G0842",2.19886549611658,0.537864636580889,1.60959481830524e-05,0.000163546207070522,TRUE,TRUE
"G1619",3.0621540092158,0.466034351686385,1.61093013964464e-05,0.000163546207070522,TRUE,TRUE
"G0107",2.12041470330441,0.542548535937999,1.62611997889252e-05,0.000164254543322477,TRUE,TRUE
"G1344",3.0650060565494,0.46344202262824,1.72291431317904e-05,0.000173157217404929,TRUE,TRUE
"G1894",3.00542374327093,0.46530405224219,1.96103585733495e-05,0.000196103585733495,TRUE,TRUE
"G1525",3.21197542483082,0.440610536531599,2.05741130779716e-05,0.000204717543064394,TRUE,TRUE
"G1307",2.59182666272216,0.496884896779819,2.43999956423412e-05,0.000241584115270705,TRUE,TRUE
"G1353",1.59760202463969,0.558376333790084,2.65169688484644e-05,0.000261250924615413,TRUE,FALSE
"G0024",4.39238727192536,0.170947742356157,3.51293675005523e-05,0.000344405563730905,TRUE,FALSE
"G0802",3.2152518756699,0.416804750918741,3.8022902166121e-05,0.000370955143084108,TRUE,TRUE
"G1385",3.14118010365587,0.420510747938226,4.38576176411687e-05,0.000425802113021056,TRUE,TRUE
"G0193",2.32107135140992,0.496976259137691,4.89600434691411e-05,0.000473043898252571,TRUE,TRUE
"G1341",3.19354508204976,0.407433732052638,5.14841060563274e-05,0.00049503948131084,TRUE,TRUE
"G1408",2.87032831371806,0.445041169811806,5.22632085529498e-05,0.000500126397635884,TRUE,TRUE
"G0292",3.85683702740844,0.292884380937314,5.41201594271739e-05,0.000515430089782609,TRUE,TRUE
"G0536",2.79018821185854,0.448514313757851,5.98735936534724e-05,0.000567522214724857,TRUE,TRUE
"G1262",-1.27126792541147,-0.550694989777021,6.30711550948884e-05,0.000595010897121588,TRUE,FALSE
"G0624",1.53043925282812,0.535765802655083,7.04080555678298e-05,0.000661108502984317,TRUE,FALSE
"G0438",2.19032999305393,0.495069320294958,7.12892568182422e-05,0.000666254736619086,TRUE,TRUE
"G0740",3.83971370134689,0.273227292670169,8.00717813374484e-05,0.000744853779883241,TRUE,TRUE
"G1019",2.5438087561204,0.460197099485505,8.47841304644202e-05,0.000785038245040928,TRUE,TRUE
"G0441",1.53566181673204,0.528822231386051,8.94398166367765e-05,0.000824330107251397,TRUE,FALSE
"G1635",3.23746811980605,0.37653525565735,9.19694426055404e-05,0.00084375635417927,TRUE,TRUE
"G1159",2.70944914306852,0.44092631912699,9.25249800695022e-05,0.000844976986936093,TRUE,TRUE
"G0663",2.01524963191723,0.498643249351126,9.46671633363356e-05,0.00086061057578487,TRUE,TRUE
"G0297",2.52539263646124,0.456411743474844,9.91266237682293e-05,0.000897073518264519,TRUE,TRUE
"G0656",4.41520814124731,0.0370807465030364,0.000102047540051461,0.00091934720767082,TRUE,FALSE
"G0500",1.75705855712866,0.512171991975512,0.000104201596581965,0.000934543467102826,TRUE,FALSE
"G1190",3.64653992491461,0.298084458515595,0.000107331107514069,0.000958313459947045,TRUE,TRUE
"G1952",1.70377015085098,0.513336553592056,0.000111280337858021,0.000989158558737962,TRUE,FALSE
"G0115",1.41757403370917,0.527443161360691,0.0001157048685674,0.00102393688997699,TRUE,FALSE
"G0392",1.77192610930868,0.506666069467198,0.000121489466632595,0.00107039177649864,TRUE,FALSE
"G1250",1.27152584298862,0.53163376821711,0.000127183597303162,0.00111564559037862,TRUE,FALSE
"G1150",2.85394693287391,0.412084400038004,0.000129381431782745,0.00112996883653053,TRUE,TRUE
"G0694",2.12187591164329,-0.480316508361558,0.000132254222511264,0.00115003671748925,FALSE,FALSE
"G0810",3.86288282598904,0.232595660851672,0.000135162798962253,0.00116726906025689,TRUE,FALSE
"G1295",3.2308008787824,0.359651374215533,0.000135403210989799,0.00116726906025689,TRUE,TRUE
"G1919",3.06756570093119,0.381513894350324,0.000140602605897432,0.001206889321008,TRUE,TRUE
"G1634",2.73921046609198,0.421417829956069,0.000141958248378277,0.00121313152465158,TRUE,TRUE
"G1949",3.21990234963191,0.358871978190144,0.000142542954146561,0.00121313152465158,TRUE,TRUE
"G0909",1.45542740841976,0.514458547278004,0.000169437967818749,0.00143121584150982,TRUE,FALSE
"G1797",3.93586586172956,0.194105251193404,0.000169599077218913,0.00143121584150982,TRUE,FALSE
"G1902",3.63522749613584,0.27166494260108,0.000173522476797263,0.00145817207392658,TRUE,TRUE
"G1700",0.710863102258668,0.543451506723409,0.000181267772536994,0.00151688512583259,TRUE,FALSE
"G1597",2.85495873917274,0.396839689221375,0.000186289167889206,0.00155240973241005,TRUE,TRUE
"G0691",2.18873042433627,0.461611762404423,0.000196753338082627,0.00163280778491807,TRUE,TRUE
"G1938",1.66745863780399,0.496336790710845,0.000208167055691868,0.00172038889001544,TRUE,FALSE
"G1409",3.9946154877827,0.154147048507193,0.000212849549645197,0.00175184814522795,TRUE,FALSE
"G0637",2.81049447121466,0.394744640139918,0.00022226275067392,0.00182182582519606,TRUE,TRUE
"G0367",1.16294067810215,0.519152503922681,0.000232813980319532,0.00190052228832271,TRUE,FALSE
"G1180",3.34141123419225,0.311564728344297,0.000241411064947328,0.00196269158493762,TRUE,TRUE
"G1431",1.86139881489411,0.477349924155157,0.000254554974638502,0.00206117388371257,TRUE,FALSE
"G0352",3.75968581986206,0.212541266058059,0.000259816605882814,0.00209529520873237,TRUE,FALSE
"G0228",2.69789662324158,0.395695594815257,0.00029778921371538,0.00238231370972304,TRUE,TRUE
"G0689",2.33834476691666,0.433425003292076,0.000297701987033787,0.00238231370972304,TRUE,TRUE
"G1491",2.72445365832159,0.391411959126314,0.000305684818145791,0.00243573560275531,TRUE,TRUE
"G0409",1.11419782606466,0.512745490571641,0.000310813952876774,0.00246677740378392,TRUE,FALSE
"G0524",3.78220995340258,0.190833857732492,0.000313757315538262,0.00248029498449219,TRUE,FALSE
"G1683",2.47539273431801,0.415425992150124,0.000334151351691724,0.00263111300544665,TRUE,TRUE
"G1060",3.71744967903392,0.202471131434483,0.000344387645264727,0.00270107957070374,TRUE,FALSE
"G1426",0.817061739613635,0.520260291787169,0.000362182144943551,0.00282954800737149,TRUE,FALSE
"G1088",2.64932108546104,0.382471679153019,0.000459616647038873,0.0035767832454387,TRUE,TRUE
"G0713",3.83940038658034,0.127287074447153,0.000499925416308361,0.00387539082409582,TRUE,FALSE
"G0295",3.63957362674029,0.19393120659726,0.000505095625780072,0.00390035232262604,TRUE,FALSE
"G1372",1.97451583327728,0.444077201397108,0.000516251500863182,0.00397116539125524,TRUE,FALSE
"G1935",3.3809652400906,0.255873700938253,0.000530095725940279,0.00406203621410175,TRUE,FALSE
"G0096",-2.0908460969723,-0.432752689647338,0.000540177129705885,0.00412348953973958,TRUE,TRUE
"G0435",2.65410036443668,0.373452886608619,0.000553365588569862,0.00420810333513203,TRUE,TRUE
"G0165",-3.21318853242083,-0.287227486903915,0.000556485645234093,0.00421580034268252,TRUE,TRUE
"G0915",1.40608606218867,0.475737596969604,0.000626020031689253,0.00472467948444719,TRUE,FALSE
"G1543",3.37315177508264,0.24439463904828,0.000643660479461954,0.00483955247715755,TRUE,FALSE
"G0717",2.14368278209869,0.420312985692187,0.000658380415558905,0.00493168850605921,TRUE,TRUE
"G1602",2.79411106140552,0.332449988654257,0.00086744119666672,0.00647344176616956,TRUE,TRUE
"G0680",0.977649326530504,-0.481208531415787,0.00102103240706024,0.00759131901160028,FALSE,FALSE
"G1776",2.92074738019228,0.302436219812495,0.00104286022991326,0.00772489059195004,TRUE,TRUE
"G0311",1.01621799499274,0.474658260667866,0.00117522898854409,0.00867327666822204,TRUE,FALSE
"G0272",2.51576397614449,0.353805056605641,0.00120072377212093,0.00882885126559508,TRUE,TRUE
"G1121",2.1445445541064,0.390623332290057,0.00133091349737365,0.00975028203204136,TRUE,TRUE
"G0232",2.29064639154313,0.373022511902122,0.00139978666398552,0.0102174209050038,TRUE,TRUE
"G1594",1.37235036663875,0.44723558761736,0.00147752418581281,0.010745630442275,TRUE,FALSE
"G0281",1.18114062772093,0.457478830486459,0.00150986211611248,0.0109410298269021,TRUE,FALSE
"G1460",-3.53958596119488,-0.121051297799623,0.00153528442723419,0.0110850861172144,TRUE,FALSE
"G0256",2.43638205175734,0.345393422753088,0.00173387046820086,0.0124575502605681,TRUE,TRUE
"G0391",1.1270248180469,0.455280495648509,0.00173782826134925,0.0124575502605681,TRUE,FALSE
"G0737",3.15397141698372,-0.215374288820048,0.00191723520000981,0.0136945371429272,FALSE,FALSE
"G0158",2.57978463507106,0.31654985116373,0.00207130992303386,0.0146901412981125,TRUE,TRUE
"G1458",-0.22745976489781,0.4850772412123,0.00206960904537156,0.0146901412981125,FALSE,FALSE
"G0427",2.81634863688405,0.278155991461822,0.00209614687446052,0.0148137588301097,TRUE,TRUE
"G0975",0.952707120222533,0.454346275430908,0.00227268903729295,0.0160048523753024,TRUE,FALSE
"G1115",-1.63683281866016,-0.411097900608722,0.00232932438428108,0.0163461360300427,TRUE,FALSE
"G1470",1.90385461844011,0.388051111196541,0.00236298854229312,0.0165243954006512,TRUE,FALSE
"G1427",0.939603349846178,0.451435011814916,0.00250225674066428,0.0174373292032354,TRUE,FALSE
"G0726",-1.66958039964306,-0.404295699074692,0.0025750291986606,0.0178821472129209,TRUE,FALSE
"G1222",2.08744202008772,0.365387038450537,0.00261053626912713,0.0180659949420563,TRUE,TRUE
"G0331",-0.572022722356352,0.459678583904719,0.0030922342422672,0.0213257533949462,FALSE,FALSE
"G0587",2.68458734149454,0.271596784183572,0.00332253302878232,0.0228352785483321,TRUE,TRUE
"G0055",2.56422584881392,0.290401967186898,0.00337333789970538,0.0230261972676135,TRUE,TRUE
"G0361",1.19206476641848,0.426218905290406,0.0033733309936064,0.0230261972676135,TRUE,FALSE
"G0018",-1.33402726089608,-0.416638914588589,0.00342657514004686,0.0232729522364574,TRUE,FALSE
"G0876",1.89886897692995,0.371273721803729,0.00343276045487746,0.0232729522364574,TRUE,FALSE
"G1539",-1.01155563621148,0.434159801705693,0.00357325344385518,0.0241436043503729,FALSE,FALSE
"G0706",2.71839114286204,0.260439988181208,0.00359338831899775,0.024197901138032,TRUE,FALSE
"G1603",1.81593648317676,0.375613872354875,0.00369406412072088,0.0247923766491334,TRUE,FALSE
"G0861",2.31941335996995,0.317032303425886,0.00390725652063796,0.0261354951213242,TRUE,TRUE
"G1567",-1.28289865966547,-0.414386534040847,0.0039205804119429,0.026137202746286,TRUE,FALSE
"G0751",0.253137809458962,-0.460686455330567,0.00407977371327115,0.0271081309851904,FALSE,FALSE
"G0533",-2.97225747544741,0.194421887558342,0.00425774249847915,0.0281969701886036,FALSE,FALSE
"G0927",-1.98390989606672,0.351693511160787,0.00429634544807552,0.0283587158288813,FALSE,FALSE
"G0240",-1.65211027147727,0.382084222852588,0.00438382128530013,0.0288409295085535,FALSE,FALSE
"G1812",2.86214274756396,0.215992572106138,0.00446783543079767,0.0292972815134273,TRUE,FALSE
"G1204",-2.68958517903653,-0.245783644522588,0.00479338756645233,0.0313293304996884,TRUE,FALSE
"G0143",-1.3053959238053,-0.401498732270603,0.00511910527350733,0.0333353902680867,TRUE,FALSE
"G1713",2.67487085888599,-0.243652421710387,0.00513365010128535,0.0333353902680867,FALSE,FALSE
"G0879",-0.387823881460715,-0.445844516233333,0.00538747508979681,0.0348703889307237,TRUE,FALSE
"G0442",-3.25322007290293,0.0724371799212025,0.00575486665786882,0.0371281719862505,FALSE,FALSE
"G0852",2.84018514503792,-0.198880807482586,0.00585933950734005,0.0376806399185855,FALSE,FALSE
"G0891",1.84233002613362,0.349224182725251,0.00600549040633947,0.0384967333739709,TRUE,FALSE
"G1084",1.26141797629044,0.397039893665949,0.00606319143274446,0.0387424372699326,TRUE,FALSE
"G0892",2.85921073660283,0.187022454605591,0.00638156502693582,0.0406469109995912,TRUE,FALSE
"G0244",1.03151778312926,0.40884579301543,0.00644488022030863,0.040919874414658,TRUE,FALSE
"G1596",1.88929530667408,0.337063528056207,0.00690264495322162,0.0436876262862128,TRUE,FALSE
"G1527",-0.935586630459664,0.410545537848037,0.00703359102141167,0.0443759685893481,FALSE,FALSE
"G1505",3.05051750299682,0.12217646088426,0.00711969204289496,0.0447779373766979,TRUE,FALSE
"G1161",2.33399130314979,0.276341420127605,0.00740793891811591,0.0462996182382245,TRUE,TRUE
"G1765",1.28583085297552,-0.386434073658555,0.00738557314848504,0.0462996182382245,FALSE,FALSE
"G1953",-2.57241652175319,0.235109571368914,0.00751325177866528,0.0468115375617775,FALSE,FALSE
"G1931",1.20371769900296,0.390151061867258,0.0077071366122643,0.047870413740772,TRUE,FALSE
"G0284",2.08977295667316,-0.303529646952713,0.00826438634567293,0.0511726708710398,FALSE,FALSE
"G1187",1.06647690875323,0.391987486452021,0.00900251257897298,0.0555710653023024,TRUE,FALSE
"G1046",1.89725805765655,0.320192778609235,0.00923103148742609,0.0568063476149298,TRUE,FALSE
"G1274",-2.0201170359968,-0.303080580786337,0.00964518793114713,0.0591729320929272,TRUE,FALSE
"G0603",2.15972591457319,0.281392955605785,0.0101591363066643,0.0621353902548276,TRUE,FALSE
"G1526",-1.72635251638306,-0.331960339513402,0.0103758667926083,0.0632674804427338,TRUE,FALSE
"G0271",2.59398428078204,0.204230249202163,0.010528323217455,0.0640019648477507,TRUE,FALSE
"G0982",-1.39019098922727,-0.359674360287281,0.0109336063841095,0.0662642811158152,TRUE,FALSE
"G1909",1.42675103863215,0.35594296341475,0.0110950182896481,0.06703938543594,TRUE,FALSE
"G0364",-0.862847933236671,0.392821403101189,0.0115191015167479,0.069183792893381,FALSE,FALSE
"G1329",3.03729092959119,0.0654442829944877,0.0115085910636893,0.069183792893381,TRUE,FALSE
"G1993",-2.69176770525047,0.172997604413943,0.0116672355765005,0.0698636860868295,FALSE,FALSE
"G0078",-1.8456094217108,0.312257445054693,0.0117256917996081,0.0700041301469139,FALSE,FALSE
"G1009",-2.12306605809801,0.276066382033646,0.0119390084714667,0.0710655266158734,FALSE,FALSE
"G0841",2.91922880714949,-0.103381319113805,0.0121220565902169,0.0719409886659757,FALSE,FALSE
"G1933",1.8524483219266,0.308908493427287,0.0122495948969628,0.0724828100411999,TRUE,FALSE
"G0855",-2.2196521173488,0.258509476508777,0.0125349025687585,0.0739522275442977,FALSE,FALSE
"G1246",0.920755693184037,0.384763632882073,0.0127603375304928,0.075060809002899,TRUE,FALSE
"G1211",2.50869739193734,0.201820741352464,0.0133905213055133,0.0785367818505179,TRUE,FALSE
"G0894",1.64301196559431,0.324595283888051,0.0137794803442176,0.0805817563989332,TRUE,FALSE
"G0324",-1.34581290425275,-0.350202576540858,0.0141082077495682,0.0822636020382987,TRUE,FALSE
"G1571",2.18778733330678,0.254182003641081,0.0143016811287761,0.0831493088882333,TRUE,FALSE
"G0935",-2.40220222687674,-0.210917842849426,0.0155007173925135,0.0898592312609479,TRUE,FALSE
"G0014",-1.45096396539936,0.335434849581829,0.015727278577933,0.0909091247279366,FALSE,FALSE
"G0358",1.31154535586443,0.345630790603481,0.0162242963307845,0.0932430823608303,TRUE,FALSE
"G0410",-0.66738180392146,-0.387553979376082,0.0161870767817274,0.0932430823608303,TRUE,FALSE
"G1966",-2.08868073915954,-0.259299745980193,0.0164519714206757,0.0942806385139011,TRUE,FALSE
"G1636",-0.901525194198359,0.372856445097359,0.0167653338679972,0.0958019078171271,FALSE,FALSE
"G1021",-0.345562432487017,0.398451608391065,0.0175279577192943,0.0998744029589418,FALSE,FALSE
"G0838",-0.40328649415479,0.395119704937911,0.0179039382863593,0.101726922081587,FALSE,FALSE
"G1123",2.39503334179611,-0.198249558835936,0.0183152748774086,0.103769262761522,FALSE,FALSE
"G1367",-2.99510299027943,0.0056717605619923,0.018409693202772,0.104009566117356,FALSE,FALSE
"G0128",-2.47196171011946,0.179667917913081,0.0187923473915191,0.10587237967053,FALSE,FALSE
"G1915",2.64712003801142,0.135527696891733,0.0189320377226419,0.106359762486752,TRUE,FALSE
"G0448",-2.79596149521123,0.0883078645398718,0.0190297993852102,0.106438694016131,FALSE,FALSE
"G1117",1.0917985539091,-0.353843037452181,0.0190731392573454,0.106438694016131,FALSE,FALSE
"G1881",1.88265879830795,-0.277463422863868,0.0191057455758955,0.106438694016131,FALSE,FALSE
"G0824",0.996005583833509,0.359828230715502,0.0192966660786225,0.107203700436791,TRUE,FALSE
"G1005",1.73837064413283,0.29323369015991,0.0196411145869921,0.108815039263114,TRUE,FALSE
"G0599",-2.62615508460277,0.131289920035384,0.0207346453078789,0.114556051424745,FALSE,FALSE
"G1644",-0.727653610732973,0.371692843300824,0.0210736767230803,0.116108411697412,FALSE,FALSE
"G1857",-2.6536263152695,0.120549800958648,0.0212513563928678,0.116765694466307,FALSE,FALSE
"G1818",-2.17051157974568,-0.224716982292286,0.0220051310103236,0.12057606033054,TRUE,FALSE
"G0966",0.940509519826436,0.356151603573778,0.0222496348834453,0.121582704281122,TRUE,FALSE
"G0195",-1.79976067489539,-0.277067240079667,0.0225072359805178,0.12265523695105,TRUE,FALSE
"G0938",2.54460486023111,0.13881541928117,0.0236909773797075,0.128755311846236,TRUE,FALSE
"G0792",0.529423799386965,0.3758311154451,0.0238651982023709,0.129350667763528,TRUE,FALSE
"G0651",-0.0358154435846572,0.39492659917644,0.024165554361763,0.129922335278296,FALSE,FALSE
"G1143",2.68392291802792,-0.0953326278543975,0.0241287992803563,0.129922335278296,FALSE,FALSE
"G1228",1.18729856637511,-0.334014611015911,0.0241313029032814,0.129922335278296,FALSE,FALSE
"G1606",-2.40487804171393,0.168831738770393,0.0246714043150949,0.132286350214986,FALSE,FALSE
"G1219",-0.0291067478840087,-0.393466456209142,0.0250554483874018,0.133986355012844,TRUE,FALSE
"G0976",1.83966771585531,0.263442938828887,0.0254969165761835,0.135983555072979,TRUE,FALSE
"G0216",0.939773685073443,-0.347458179129677,0.0262627300242442,0.13951271677587,FALSE,FALSE
"G1726",-2.78601472975644,0.0439885521960229,0.0262981471122515,0.13951271677587,FALSE,FALSE
"G1226",1.50573503575565,0.299600921323581,0.0265763929361775,0.140615835641151,TRUE,FALSE
"G0027",0.312302210886729,0.379547510659533,0.0269960001382981,0.14245910363218,TRUE,FALSE
"G0632",-1.79198939892252,-0.263896717327496,0.0276955663406099,0.145766138634789,TRUE,FALSE
"G1467",-0.981587440172648,0.341061545609564,0.0280345934636551,0.147163220281654,FALSE,FALSE
"G0204",-2.10611843559503,0.214207777485433,0.0287071712274878,0.149959132045921,FALSE,FALSE
"G1729",2.18853151354752,0.199347517146685,0.0287171737867939,0.149959132045921,TRUE,FALSE
"G1082",-2.67804459234963,0.0696169834901004,0.0294622571789459,0.153050686643875,FALSE,FALSE
"G1834",1.98956325580343,-0.231379550710277,0.0294126872204431,0.153050686643875,FALSE,FALSE
"G1489",-1.94493600434466,-0.237681206526817,0.0296127110154438,0.153433735831315,TRUE,FALSE
"G0615",0.363159858868327,0.372548110175319,0.029783131330806,0.153917991373674,TRUE,FALSE
"G1754",0.681749393530225,0.354861458584475,0.0308303582653692,0.158919372501903,TRUE,FALSE
"G1145",0.625069616682233,0.357698442679103,0.0310089330779634,0.159428961840429,TRUE,FALSE
"G0312",1.34184616376387,0.304786999735055,0.0316711931042273,0.162416374893473,TRUE,FALSE
"G0466",1.87028368106197,-0.242855177964625,0.0319496682997181,0.163425413297791,FALSE,FALSE
"G0883",2.78138713385586,-0.0084723144660632,0.0323126897969611,0.164860662229393,FALSE,FALSE
"G0687",-2.11334068465336,-0.20158141551159,0.032807466950719,0.166959119342081,TRUE,FALSE
"G0513",2.41224145633109,0.134473730101542,0.0337019454038194,0.170697499862624,TRUE,FALSE
"G0793",-2.54065786097916,0.0978586733055783,0.0337127562228682,0.170697499862624,FALSE,FALSE
"G0540",1.03817484555139,0.325875019361001,0.0341368455596886,0.172408310907518,TRUE,FALSE
"G0771",-2.4859821898856,0.112029498043408,0.034344727671456,0.172781994953117,FALSE,FALSE
"G1691",0.99176235732828,0.328903527291722,0.0343836169956703,0.172781994953117,TRUE,FALSE
"G1298",-0.949624291823464,0.330974116973257,0.0349658899694638,0.175267618894555,FALSE,FALSE
"G0242",2.39057669996185,-0.133863019205081,0.0356095113096723,0.178047556548361,FALSE,FALSE
"G1564",1.18326532941851,0.311508173856344,0.0357608948500743,0.178358577805857,TRUE,FALSE
"G0049",0.485388564992269,0.356802026513361,0.0362315576565329,0.179835058657738,TRUE,FALSE
"G0229",2.60644448878565,0.0650835143919432,0.0362665449606307,0.179835058657738,TRUE,FALSE
"G1801",-0.234528962573214,0.367974451100392,0.036326681848863,0.179835058657738,FALSE,FALSE
"G0985",-1.49623548221371,-0.27759348159932,0.037891932004125,0.187120651872222,TRUE,FALSE
"G0591",-0.626165019795731,0.346332502630667,0.0383312177845712,0.188823732928922,FALSE,FALSE
"G1531",-0.194943476102316,-0.366194872270252,0.0388018072981458,0.19067227173536,TRUE,FALSE
"G1911",1.02432421695447,0.318516137714303,0.0394029039273871,0.193151489840133,TRUE,FALSE
"G1098",-1.86940059565442,-0.225735083296839,0.0398601449393814,0.194915134177904,TRUE,FALSE
"G1734",-0.246252755014694,-0.362252735695095,0.0402226818344666,0.196208204070569,TRUE,FALSE
"G0806",2.02773873329871,0.198555585628565,0.0404278699836846,0.196251796037304,TRUE,FALSE
"G0814",0.917788931310637,-0.325002141521807,0.0403325597441856,0.196251796037304,FALSE,FALSE
"G1103",2.18799111569512,-0.165174874543986,0.0414148190315265,0.200167853103327,FALSE,FALSE
"G1654",1.23354622243588,0.297952824926871,0.0414347455923887,0.200167853103327,TRUE,FALSE
"G0437",2.18083368623473,0.165287169209343,0.0419986756707328,0.201916709955446,TRUE,FALSE
"G1783",1.05290401267231,-0.312470165625538,0.0419863084184764,0.201916709955446,FALSE,FALSE
"G0287",0.18199449457932,0.362124521704084,0.0423994531782035,0.203354691502175,TRUE,FALSE
"G1373",2.28543282824586,-0.139242229607271,0.0429228996930381,0.20537272580401,FALSE,FALSE
"G0039",1.65600373414682,0.249036656570877,0.0433678674704059,0.206289682568767,TRUE,FALSE
"G0362",-1.30616845900918,0.288260300148805,0.0433195776122484,0.206289682568767,FALSE,FALSE
"G0473",-1.95002527285931,0.205697357945625,0.0434239781807255,0.206289682568767,FALSE,FALSE
"G0538",1.66776531087937,0.246714561455049,0.0438314485734562,0.207240891600266,TRUE,FALSE
"G1164",2.49935178789941,-0.0752827523327952,0.043771044186114,0.207240891600266,FALSE,FALSE
"G0147",-0.903993454630162,0.320770756296252,0.044069675022718,0.207875825578859,FALSE,FALSE
"G1203",-0.711622278677474,-0.333157662718539,0.0443601142525261,0.208753478835417,TRUE,FALSE
"G1986",-2.62588313737603,-0.0197370183929402,0.0451131866337863,0.211798998280687,TRUE,FALSE
"G0068",-1.83392857727967,0.220527504544963,0.0453925507668026,0.212611479001417,FALSE,FALSE
"G0397",-1.03943594284897,-0.308175765054019,0.0458269338158115,0.213337154037667,TRUE,FALSE
"G1673",-0.552877870816104,0.340736327746712,0.0456656858889419,0.213337154037667,FALSE,FALSE
"G1771",-2.53138815852049,-0.0562054348910585,0.0459741566951172,0.213337154037667,TRUE,FALSE
"G1917",-1.17881346835309,-0.296372926733454,0.045869898094359,0.213337154037667,TRUE,FALSE
"G0052",0.223422311943048,0.355167963382816,0.0468475416939774,0.216886767101747,TRUE,FALSE
"G0494",1.09518774784029,-0.301537378106612,0.0473747995097426,0.218821244848696,FALSE,FALSE
"G1971",2.1669253902978,0.154800893912536,0.0478828931719231,0.22065849387983,TRUE,FALSE
"G1444",1.32094818545485,-0.279930732192528,0.0480159093389344,0.220762801558319,FALSE,FALSE
"G1130",1.46918454895137,-0.262630406437099,0.0490410270766612,0.22444405984742,FALSE,FALSE
"G1387",1.24215347091829,-0.286334949610734,0.0489364903491449,0.22444405984742,FALSE,FALSE
"G0063",1.13222913272875,0.295981485444112,0.0491835697670214,0.224582510351696,TRUE,FALSE
"G0253",2.26021579186023,-0.128945320998461,0.0496199462983988,0.225545210447267,FALSE,FALSE
"G0738",-2.54910689501694,-0.0364758545908958,0.0495575577216024,0.225545210447267,TRUE,FALSE
"G1800",-2.36182966438966,-0.101068074577846,0.0497586991536481,0.225663034710422,TRUE,FALSE
"G1398",1.83059590944005,-0.211769610859154,0.0506889426898962,0.22936173162849,FALSE,FALSE
"G1804",-1.58071605182192,0.246646276898226,0.0508380216001955,0.229517027540386,FALSE,FALSE
"G0009",-1.24675342879504,0.282886697834586,0.0511876804509087,0.22984446508795,FALSE,FALSE
"G0141",0.685512208376277,0.326670570885406,0.0510264644645487,0.22984446508795,TRUE,FALSE
"G1248",-0.396842534166212,0.342274264984987,0.0513528403224902,0.22984446508795,FALSE,FALSE
"G1585",-2.24293116600069,-0.129226030325355,0.0513702379471568,0.22984446508795,TRUE,FALSE
"G1033",-0.353039444838667,0.343763179878411,0.0519340760136107,0.231848553632191,FALSE,FALSE
"G1790",-2.05890426512279,-0.167776505321308,0.0526290505225274,0.234427841971169,TRUE,FALSE
"G1901",0.781041199021309,-0.317982655533711,0.0532388257709789,0.236617003426573,FALSE,FALSE
"G0474",-0.884040029631817,-0.308855257043624,0.0549109240264025,0.24350742362041,TRUE,FALSE
"G0376",0.243502060378394,-0.345231296810034,0.0553391096705476,0.244863317126317,FALSE,FALSE
"G0453",0.0544768390649905,-0.352620450959101,0.0555928961748184,0.245017416216944,FALSE,FALSE
"G0800",-0.757488401365975,-0.316778054735603,0.0557414621893548,0.245017416216944,TRUE,FALSE
"G0899",0.477769719038832,0.333496432518713,0.0557262349096412,0.245017416216944,TRUE,FALSE
"G1277",-2.02404513877355,-0.16821665289678,0.0561494302545241,0.246269430940895,TRUE,FALSE
"G1049",0.867300515577598,0.30793120994797,0.0568352406873481,0.248731906728001,TRUE,FALSE
"G0759",-2.44316623718536,0.0541508506904377,0.0571311159774232,0.249480855796608,FALSE,FALSE
"G0054",2.40122210197122,-0.0668910078152563,0.0579654933283772,0.25149215766443,FALSE,FALSE
"G0791",-1.94492637603576,-0.180394544232565,0.0578381426935565,0.25149215766443,TRUE,FALSE
"G1979",-1.90194818212262,0.187906422512794,0.0579689423416511,0.25149215766443,FALSE,FALSE
"G1166",-1.4778034432459,-0.248528067750021,0.0585618656155204,0.253514569764158,TRUE,FALSE
"G0335",0.981678333506595,0.296099178369573,0.0596426200260435,0.257104189022018,TRUE,FALSE
"G1845",2.4173392818266,-0.0566466349025721,0.0596481718531082,0.257104189022018,FALSE,FALSE
"G0456",-0.535256699607607,0.326085370668996,0.059939921132999,0.257806112399996,FALSE,FALSE
"G1870",1.9491258382975,-0.173970493452456,0.0612779752908409,0.262995602106613,FALSE,FALSE
"G0020",2.03610360936432,-0.15533797106489,0.0621021814470597,0.265962233177986,FALSE,FALSE
"G0308",-1.07377241040219,0.28500446457037,0.0627518135746023,0.268170143481206,FALSE,FALSE
"G0821",0.207911552099919,-0.339397587299057,0.0631088520814971,0.269120904398708,FALSE,FALSE
"G0205",0.697648526944346,0.312265116614002,0.063980487796482,0.271360021630602,TRUE,FALSE
"G1155",0.729831945274563,0.310212919537992,0.0639049422886301,0.271360021630602,TRUE,FALSE
"G1452",1.37360719529989,-0.253839931815867,0.064040965104822,0.271360021630602,FALSE,FALSE
"G0365",1.70379920381415,-0.209877116930319,0.0649291741536854,0.274541962594864,FALSE,FALSE
"G0676",0.15923208035453,-0.3392419914695,0.0656325647501283,0.276930652954128,FALSE,FALSE
"G0265",-0.414790569518114,-0.325939020298511,0.0671066648573567,0.282287036941683,TRUE,FALSE
"G1433",-0.333583964748526,0.329979864871778,0.0671843147921204,0.282287036941683,FALSE,FALSE
"G0199",-1.63800773288119,0.216130997018383,0.0675315748885966,0.282558890747266,FALSE,FALSE
"G1736",-0.963002826853333,0.289542003374668,0.0674087731625274,0.282558890747266,FALSE,FALSE
"G0341",-2.03623741998002,0.145451582626015,0.0680017542500134,0.283932168058511,FALSE,FALSE
"G0061",-2.32149085645191,0.068108532128691,0.068553287485877,0.284746542353392,FALSE,FALSE
"G1345",-0.271832628907198,0.331786127501481,0.0685049491971668,0.284746542353392,FALSE,FALSE
"G1533",0.0826986445058158,-0.339815871096786,0.0686239167071674,0.284746542353392,FALSE,FALSE
"G0342",-0.301229079436562,-0.329910974100741,0.0690760836101756,0.286029331719154,TRUE,FALSE
"G0091",1.78152447478717,-0.189199241217367,0.0712140133288987,0.293832820295829,FALSE,FALSE
"G0703",-2.32640952744011,-0.0601348930686759,0.0713456256973672,0.293832820295829,TRUE,FALSE
"G1254",-0.25424445327965,0.330170201893206,0.0714013753318865,0.293832820295829,FALSE,FALSE
"G1370",2.34442622834836,-0.0528956554653816,0.0717129257857057,0.29450893546491,FALSE,FALSE
"G1559",-1.10642259258373,-0.271598066327947,0.0729792263410945,0.299095189922518,TRUE,FALSE
"G0186",2.1061893617618,0.119990390167904,0.0736063901341073,0.301048630405347,TRUE,FALSE
"G0704",2.1929979995365,-0.0959021525442781,0.0742778663605892,0.302557500450465,FALSE,FALSE
"G1312",1.40441124180377,0.238852102524452,0.0742715788689239,0.302557500450465,TRUE,FALSE
"G1028",-1.7030952143982,0.19672688361903,0.0752919565442542,0.306064864001033,FALSE,FALSE
"G1664",-2.30805491934118,-0.054736022154921,0.0767157665261338,0.311220148179042,TRUE,FALSE
"G0825",1.73274427091968,0.189479950427222,0.0773278571718182,0.313068247659183,TRUE,FALSE
"G1386",0.499536594645037,-0.312459691950808,0.0775425836579076,0.313303368314778,FALSE,FALSE
"G1507",-1.33322688049967,0.242652620255704,0.0786364851577281,0.317082601442452,FALSE,FALSE
"G0079",0.55573718528977,0.307359928961064,0.0797495300930233,0.32092366234617,TRUE,FALSE
"G0151",-1.87420531876932,-0.159915305825695,0.0808330084663111,0.323962909100091,TRUE,FALSE
"G1025",2.38332796196972,-0.0149747090876252,0.0809907272750227,0.323962909100091,FALSE,FALSE
"G1057",-2.08285463723404,0.114250306423149,0.0807099398703744,0.323962909100091,FALSE,FALSE
"G1981",1.86369238711066,-0.160398181422806,0.0820187863629903,0.327420304842276,FALSE,FALSE
"G1008",-1.31028349719307,0.241551232644073,0.0824243291777013,0.328383781584468,FALSE,FALSE
"G1289",2.27493594555922,-0.0541512734467966,0.0825985874628922,0.328423807009512,FALSE,FALSE
"G1043",-0.648749008450818,0.298992967175807,0.0828600218616756,0.328601012225571,FALSE,FALSE
"G1748",1.26745459510342,-0.245802069994449,0.0829717555869568,0.328601012225571,FALSE,FALSE
"G0300",0.635283144521572,0.299247936558584,0.0836608038950961,0.330675114209866,TRUE,FALSE
"G0066",-1.83452758069664,0.162906057860299,0.0844141470308115,0.33168918094179,FALSE,FALSE
"G0144",1.21688801110113,-0.249897273020821,0.0844148965496857,0.33168918094179,FALSE,FALSE
"G1428",-1.97075520655516,0.135473332421877,0.0841868595006457,0.33168918094179,FALSE,FALSE
"G0329",-1.78778013751545,-0.171134245075701,0.0846983116419553,0.331767964759523,TRUE,FALSE
"G0627",1.23410416568767,-0.247695531567508,0.0848228103109397,0.331767964759523,FALSE,FALSE
"G1463",0.814770877380743,-0.285565579771356,0.084932598978438,0.331767964759523,FALSE,FALSE
"G0757",-1.27080780802968,-0.243314828644819,0.0852433281626434,0.332332663402119,TRUE,FALSE
"G0164",-0.186935267573857,-0.322180385998482,0.0858646284651314,0.334103612704792,TRUE,FALSE
"G1723",1.41142798959315,-0.225184833743909,0.0868908264598626,0.337440102756748,FALSE,FALSE
"G1233",-2.02653214649499,0.117561570146769,0.0877415970449731,0.34008370947664,FALSE,FALSE
"G1832",1.97365008215243,0.129546786474928,0.0880244414177494,0.340520082853963,TRUE,FALSE
"G1676",1.81772287362487,-0.159490974464811,0.0898304012375631,0.346167249470378,FALSE,FALSE
"G1906",-1.90524352442387,-0.14207487915008,0.0898205913685164,0.346167249470378,TRUE,FALSE
"G0633",2.04969151122701,0.108372329177599,0.0901212988683656,0.346620380262945,TRUE,FALSE
"G0649",2.22955904834575,-0.0540861474568406,0.0908336885283147,0.347767038423239,FALSE,FALSE
"G0765",0.977082664102224,-0.267269341233847,0.0911615136035838,0.347767038423239,FALSE,FALSE
"G1125",1.24878589516192,-0.240594290091473,0.0909649562288192,0.347767038423239,FALSE,FALSE
"G1310",1.41403033530268,-0.220671367134377,0.0912888475861002,0.347767038423239,FALSE,FALSE
"G1893",0.40761948320593,-0.307374388952906,0.0911848385247309,0.347767038423239,FALSE,FALSE
"G0668",-0.361288424621171,0.309158160082764,0.0922262364399973,0.350670100532309,FALSE,FALSE
"G0013",-1.62193729284198,-0.189846829332719,0.0927964541951439,0.352168706622937,TRUE,FALSE
"G0131",1.54232578795203,0.200954291064814,0.0936544805287548,0.353866891748805,TRUE,FALSE
"G0572",-2.15318775058657,-0.0738808955893009,0.0937747263134332,0.353866891748805,TRUE,FALSE
"G1838",-2.05612468471865,-0.101796421527216,0.0935077767477529,0.353866891748805,TRUE,FALSE
"G1407",1.82967173315288,-0.151671074415575,0.0945138426500182,0.35598434143133,FALSE,FALSE
"G0275",2.04881758195934,0.10157546892491,0.0949922528050146,0.357113732349679,TRUE,FALSE
"G0136",1.15409198778734,0.245959923029548,0.0965972393455115,0.361111175123407,TRUE,FALSE
"G0150",-0.564249280183431,-0.294329860018519,0.0965437637188916,0.361111175123407,TRUE,FALSE
"G0612",-2.28715352045041,0.0216995564298985,0.0962556837296506,0.361111175123407,FALSE,FALSE
"G0202",1.92316365296288,0.128471975571843,0.0975591132043934,0.364026541807438,TRUE,FALSE
"G0433",2.18945599237245,-0.0554402631489367,0.0978016419522571,0.364251925334291,FALSE,FALSE
"G0245",-1.33605374450295,0.223992562513895,0.0984126080853503,0.365154389722813,FALSE,FALSE
"G1188",0.192254686867909,0.313340843305598,0.0985916852251596,0.365154389722813,TRUE,FALSE
"G1216",-1.56379809166681,0.193033068206136,0.0985468915582544,0.365154389722813,FALSE,FALSE
"G0305",1.56757305821464,-0.191155141928023,0.0999101328137462,0.368672076803492,FALSE,FALSE
"G0699",1.22225027632159,0.236101065295945,0.0997333769344457,0.368672076803492,TRUE,FALSE
"G0567",2.01933253963338,0.102015838056999,0.100184553611306,0.369003880704627,TRUE,FALSE
"G0343",-0.55564610443147,0.292214069666256,0.100429910280726,0.369227611326198,FALSE,FALSE
"G0492",-0.403614049111987,0.300907955730541,0.10105375533532,0.370839469120441,FALSE,FALSE
"G0512",-0.262705141643009,0.307851622864289,0.101868463931012,0.373144556523852,FALSE,FALSE
"G1784",2.22304446114516,0.0353622629627662,0.10236258105548,0.37426903493777,TRUE,FALSE
"G0710",-1.51058506284295,-0.196974528338331,0.102728675559221,0.3749221735738,TRUE,FALSE
"G0477",1.73676738151204,-0.159591764385164,0.103290977999823,0.375402995015085,FALSE,FALSE
"G0988",1.99914242920796,-0.102882130704599,0.103423525126656,0.375402995015085,FALSE,FALSE
"G1593",1.65730762371294,-0.173595711586661,0.103231010703093,0.375402995015085,FALSE,FALSE
"G0007",0.81083998017723,0.270913388086299,0.104955019026965,0.379584155612893,TRUE,FALSE
"G1135",1.98921826495574,0.103605094265545,0.1048089205775,0.379584155612893,TRUE,FALSE
"G0833",-1.4337828285212,0.205349815971353,0.105440371565587,0.379965302939053,FALSE,FALSE
"G1107",2.04255931610422,0.0887054307156787,0.10540427318145,0.379965302939053,TRUE,FALSE
"G0457",0.258482591385961,-0.305507535482465,0.105958422324195,0.381145404043867,FALSE,FALSE
"G0484",0.0822329488652121,0.312891926055687,0.107293260111437,0.385254075804082,TRUE,FALSE
"G0252",1.03532642142089,0.248282845235945,0.109081117585838,0.386193821411246,TRUE,FALSE
"G0741",1.48234646794641,-0.196478428366994,0.10784589872173,0.386193821411246,FALSE,FALSE
"G0753",-1.97578396222506,0.101558420365813,0.109099754548677,0.386193821411246,FALSE,FALSE
"G1002",-1.9222548962705,0.114683564847824,0.109090232972719,0.386193821411246,FALSE,FALSE
"G1029",-1.04149735602985,-0.2483562376507,0.10815486289691,0.386193821411246,TRUE,FALSE
"G1209",-2.03538388162579,-0.0861200986317178,0.108772700219586,0.386193821411246,TRUE,FALSE
"G1318",2.15178194201986,-0.0498575087587615,0.108983506357821,0.386193821411246,FALSE,FALSE
"G1744",-0.571670013504858,-0.286033352213474,0.108241945079531,0.386193821411246,TRUE,FALSE
"G1876",-1.5673045711637,0.182187260261911,0.109590710022173,0.387246325166689,FALSE,FALSE
"G1759",1.32260721680306,0.21491605523413,0.11138974343399,0.39290914791531,TRUE,FALSE
"G0830",-1.00821875816368,-0.248771627042563,0.112047597838354,0.393149466099487,TRUE,FALSE
"G1253",-0.649267243627047,0.278409616249685,0.111893880527835,0.393149466099487,FALSE,FALSE
"G1271",-2.21115696793904,0.0227206583814466,0.111988248363063,0.393149466099487,FALSE,FALSE
"G0523",2.1145349462097,0.0551064923782173,0.113736485290696,0.398376480878093,TRUE,FALSE
"G1461",1.21139760121623,0.225853170197769,0.114434182522104,0.400015541257288,TRUE,FALSE
"G1820",1.54400160892158,-0.181369696108577,0.114604452570213,0.400015541257288,FALSE,FALSE
"G0578",0.46943405662348,0.287866714514359,0.115733951838528,0.403254187590691,TRUE,FALSE
"G1849",0.0502195365496767,0.307552930225363,0.119042376252719,0.414060439139893,TRUE,FALSE
"G0416",-0.11498040088108,0.30439419490222,0.119610976825231,0.415315891754274,FALSE,FALSE
"G0697",-2.09258377175654,0.0528689105357679,0.120248188882434,0.416804814150553,FALSE,FALSE
"G0029",-1.30835351258276,-0.209016540144924,0.121372481984745,0.419248642434354,TRUE,FALSE
"G1212",-0.606779178488506,0.275544503160883,0.121351206531126,0.419248642434354,FALSE,FALSE
"G0174",1.52088093822893,-0.1783379498727,0.122401878212627,0.422075442112508,FALSE,FALSE
"G0181",2.1854379064735,-0.0130617087647422,0.1235948748876,0.42460345318021,FALSE,FALSE
"G1486",1.66564854073976,0.152731561048376,0.123771906602031,0.42460345318021,TRUE,FALSE
"G1763",-1.56003209827739,0.171305864183366,0.123352571765497,0.42460345318021,FALSE,FALSE
"G0593",0.151777841973793,0.299566275388681,0.125353070983855,0.429291338985804,TRUE,FALSE
"G0827",0.15572633458215,0.298272836660311,0.127424815431692,0.433417739563578,TRUE,FALSE
"G0916",-1.90735794401727,-0.0973487608027202,0.12741981789384,0.433417739563578,TRUE,FALSE
"G1292",-2.12699307927022,0.0307787338939174,0.127003733039668,0.433417739563578,FALSE,FALSE
"G1618",-1.19218892637239,-0.218930533752442,0.127148111336708,0.433417739563578,TRUE,FALSE
"G1589",-0.443714905019145,0.28228063128801,0.128135164013288,0.435093935528991,FALSE,FALSE
"G1018",-0.87514675454924,0.25014096544231,0.128525012317443,0.435678007855739,FALSE,FALSE
"G1934",0.806713657497222,0.25504255368024,0.130132285996828,0.440379986452887,TRUE,FALSE
"G0273",1.6999706729654,0.139688057893694,0.131031994837593,0.44051781520398,TRUE,FALSE
"G1702",1.94067151189577,0.085113203104185,0.130568007197076,0.44051781520398,TRUE,FALSE
"G1863",1.67191310731146,-0.145414453138802,0.130644129108091,0.44051781520398,FALSE,FALSE
"G1891",-1.19816617058598,0.215550101181234,0.131054050023184,0.44051781520398,FALSE,FALSE
"G0360",-0.814992918282738,-0.25362421601091,0.131340683772048,0.440740549570631,TRUE,FALSE
"G0419",1.29256873846574,0.203472613383532,0.131757173788029,0.44088693331445,TRUE,FALSE
"G1492",-0.837499619356526,0.251416247844874,0.131825193061021,0.44088693331445,FALSE,FALSE
"G0616",1.31475256465827,-0.199750359407046,0.132944861940344,0.442521983878662,FALSE,FALSE
"G0707",0.0959189568330369,0.298195303242483,0.132918141247484,0.442521983878662,TRUE,FALSE
"G1272",-0.154888281093838,-0.295335348429193,0.133119776749947,0.442521983878662,TRUE,FALSE
"G1888",-1.83822781198037,-0.108060816183698,0.133199117147477,0.442521983878662,TRUE,FALSE
"G1999",-2.16467144096662,-0.000524134192023152,0.136328916682881,0.452168877886836,TRUE,FALSE
"G0545",-2.13831802520847,-0.010471887050905,0.137233972332434,0.453011019574349,TRUE,FALSE
"G0629",-2.00100250680987,-0.0589178996106082,0.137941855460389,0.453011019574349,TRUE,FALSE
"G0698",-1.90187083769886,0.0884382416120715,0.136877076363546,0.453011019574349,FALSE,FALSE
"G0856",1.90034970118618,0.0880773374107145,0.137583417141647,0.453011019574349,TRUE,FALSE
"G1751",0.409716574406179,0.279162748991402,0.137732461358735,0.453011019574349,TRUE,FALSE
"G1864",1.69791572339407,-0.134465435514423,0.137326163108053,0.453011019574349,FALSE,FALSE
"G0006",-1.66264885284192,0.139987645582846,0.138898420865166,0.453808779967992,FALSE,FALSE
"G0283",2.14232339810565,0.00653475361072673,0.138644503939268,0.453808779967992,TRUE,FALSE
"G1788",1.52170120575052,0.165350847698796,0.138412879140618,0.453808779967992,TRUE,FALSE
"G1994",0.546513355631927,-0.269646330485335,0.139092391060189,0.453808779967992,FALSE,FALSE
"G1692",-1.86628306073355,0.0922245263470523,0.142018406735569,0.462600673405763,FALSE,FALSE
"G0178",0.844344713988944,-0.244042951825376,0.143430515039405,0.464229762104407,FALSE,FALSE
"G0401",1.54688133441627,-0.157227849191667,0.143446996490262,0.464229762104407,FALSE,FALSE
"G0518",0.951283068840505,-0.234292434622451,0.143141871013059,0.464229762104407,FALSE,FALSE
"G0798",1.48190570829728,-0.168414504656278,0.142815506299032,0.464229762104407,FALSE,FALSE
"G0472",-1.20630985963392,-0.205892840727224,0.144143884394573,0.465731452001853,TRUE,FALSE
"G0368",-1.40550544636836,0.178650745790271,0.144848584312173,0.467253497781205,FALSE,FALSE
"G1991",1.81218653480987,-0.101606300623761,0.146004883778788,0.470225068530718,FALSE,FALSE
"G1714",1.57246508678391,0.149488140537408,0.147664141461845,0.474804313382139,TRUE,FALSE
"G1954",1.22029754835017,-0.201191842597515,0.148774634295497,0.477607172698226,FALSE,FALSE
"G0211",-1.59055514942723,-0.144764734611712,0.149534336201868,0.479276718595731,TRUE,FALSE
"G1024",0.374820958042662,-0.273930404603407,0.152226382280265,0.487124423296849,FALSE,FALSE
"G0062",1.36411919539957,-0.178548424695324,0.15377370873775,0.489725187062897,FALSE,FALSE
"G0767",0.848660553954768,0.237973572062291,0.153635389306536,0.489725187062897,TRUE,FALSE
"G1036",1.24621140625639,0.194779391739275,0.153673625945553,0.489725187062897,TRUE,FALSE
"G1688",1.59422246064106,-0.140528110583589,0.154093950992287,0.48996486801999,FALSE,FALSE
"G1913",1.6023218783602,-0.138783983597804,0.154389112467274,0.490124166562776,FALSE,FALSE
"G1974",1.27367758192325,-0.190438494123192,0.154825290776394,0.490729923221534,FALSE,FALSE
"G0189",2.07378364600369,-0.00948095199281692,0.155915341330077,0.49116138035527,FALSE,FALSE
"G0677",-1.75119295921948,0.107006887025917,0.155599774101366,0.49116138035527,FALSE,FALSE
"G1031",-0.74532037743636,-0.245969618502952,0.155464753095013,0.49116138035527,TRUE,FALSE
"G1957",0.361680394687964,-0.272921241977891,0.155943738262798,0.49116138035527,FALSE,FALSE
"G1263",1.50467588437595,-0.154459329926216,0.156711554150494,0.492803629404069,FALSE,FALSE
"G0137",-1.19853361008649,-0.19773696010382,0.158678345192971,0.498205165441039,TRUE,FALSE
"G0614",-1.34723625828609,-0.176405377738861,0.16071545164773,0.50134208753332,TRUE,FALSE
"G0701",1.62120288295757,0.130224746542799,0.160716538184481,0.50134208753332,TRUE,FALSE
"G0868",-0.205852630215998,0.279329256647694,0.160930810098196,0.50134208753332,FALSE,FALSE
"G1715",0.67841919507748,-0.248916769538854,0.160283453064905,0.50134208753332,FALSE,FALSE
"G1921",-0.476976798602349,0.263464630473344,0.160482304259611,0.50134208753332,FALSE,FALSE
"G0418",1.08877461255298,0.20822764218321,0.163133439760559,0.507413498477634,TRUE,FALSE
"G1142",-1.85616451407826,0.0734316024066938,0.163473380262333,0.507546022115201,FALSE,FALSE
"G1252",1.34282582674684,0.175124767203007,0.163683592132152,0.507546022115201,TRUE,FALSE
"G1048",1.78798171613725,-0.0903566542905566,0.164443755648041,0.509113794575977,FALSE,FALSE
"G0032",-0.398376014093638,-0.26637545811203,0.165060730561866,0.509123951841462,TRUE,FALSE
"G0219",0.776172449681573,-0.237927753495652,0.165949755913863,0.509123951841462,FALSE,FALSE
"G1037",2.00858995573927,-0.0232790603439105,0.164808778076358,0.509123951841462,FALSE,FALSE
"G1793",1.89912736968198,0.0585508849218348,0.165974408300317,0.509123951841462,TRUE,FALSE
"G1912",-1.79814212000501,-0.0865745620286742,0.165798827950672,0.509123951841462,TRUE,FALSE
"G1950",1.89260664099439,-0.0611739307108683,0.16531762310138,0.509123951841462,FALSE,FALSE
"G0880",1.72263201663562,0.104194549097773,0.166408474714873,0.509673735727024,TRUE,FALSE
"G0884",-1.95725587639345,-0.038753355298105,0.167145400898824,0.511148014981114,TRUE,FALSE
"G1609",-1.74584369594497,-0.0970721908980017,0.168437408894298,0.514312698913886,TRUE,FALSE
"G1149",-0.938626500416387,-0.221188961295369,0.168863112455867,0.514826562365449,TRUE,FALSE
"G0496",0.114405546675648,0.279761566728115,0.170405824478543,0.516381286298616,TRUE,FALSE
"G0521",-1.90416735438949,-0.0527775348491399,0.170046865526651,0.516381286298616,TRUE,FALSE
"G1012",-1.05823570968124,-0.207652063228507,0.170318562034575,0.516381286298616,TRUE,FALSE
"G1568",1.98663776582478,-0.0253532758149222,0.169760437174852,0.516381286298616,FALSE,FALSE
"G0495",1.34048004305313,0.170456076876662,0.171570328850391,0.516827473244062,TRUE,FALSE
"G0844",0.869602773179034,-0.226822043305318,0.171032768634974,0.516827473244062,FALSE,FALSE
"G1201",0.916938037311124,-0.221975139595744,0.171497584268261,0.516827473244062,FALSE,FALSE
"G1633",0.786890999066481,-0.234144210554555,0.171586721117029,0.516827473244062,FALSE,FALSE
"G0888",1.18368958312197,-0.191700601819282,0.171992902980224,0.51702138595972,FALSE,FALSE
"G1879",0.403096936709248,-0.262818173118958,0.172168121524587,0.51702138595972,FALSE,FALSE
"G0423",1.8796357177335,-0.0571179945607285,0.173111975391233,0.517878734895386,FALSE,FALSE
"G0967",-1.87115759094389,-0.0600371136593923,0.172716767868467,0.517878734895386,TRUE,FALSE
"G1717",-0.46631312529537,-0.258200718073131,0.173230436822507,0.517878734895386,TRUE,FALSE
"G0217",1.27795248593622,0.178252186918526,0.173508856811924,0.517936886005742,TRUE,FALSE
"G0857",-0.976660698145144,0.214095827681056,0.174861713393907,0.520718965446604,FALSE,FALSE
"G1576",-0.371683985604695,-0.263537578133585,0.174961572390059,0.520718965446604,TRUE,FALSE
"G0103",1.48990741365323,0.143648753461143,0.175741550868989,0.522263152656727,TRUE,FALSE
"G0022",0.77400521202148,0.231552737812414,0.179172548953237,0.527754194265793,TRUE,FALSE
"G0222",1.75723302433968,-0.0856664233737996,0.178500938187591,0.527754194265793,FALSE,FALSE
"G0530",1.9263406073496,-0.0371792049502499,0.177993172896597,0.527754194265793,FALSE,FALSE
"G0628",-0.335454848332105,-0.26392900191936,0.179116809934372,0.527754194265793,TRUE,FALSE
"G1147",1.29566730742514,0.172573689162256,0.178773094231391,0.527754194265793,TRUE,FALSE
"G1854",1.04351009274177,-0.204844726171381,0.178549034902831,0.527754194265793,FALSE,FALSE
"G0465",-0.816877585453861,-0.227175374715979,0.180185857330152,0.529180197739066,TRUE,FALSE
"G1448",1.04474062505454,-0.203901356097519,0.180057849449068,0.529180197739066,FALSE,FALSE
"G1044",-1.86890434352981,-0.0526164956879287,0.180892742114454,0.530477249602504,TRUE,FALSE
"G0534",1.12848905096528,0.193144493350557,0.181671117041691,0.531202096613132,TRUE,FALSE
"G1325",-0.0700903423260169,-0.277246582416427,0.181446555717983,0.531202096613132,TRUE,FALSE
"G0487",0.776647646532491,-0.229465295054115,0.183012956385914,0.532997002706576,FALSE,FALSE
"G1174",1.9786926597401,0.012062440719223,0.183350968931062,0.532997002706576,TRUE,FALSE
"G1549",-0.993224256190006,0.208172936662511,0.182815943993927,0.532997002706576,FALSE,FALSE
"G1679",1.71795977635021,-0.0914355895732652,0.183132855748282,0.532997002706576,FALSE,FALSE
"G0044",-0.92658614214595,-0.213438899228826,0.186328554942055,0.537125766843152,TRUE,FALSE
"G0120",-1.64785108730534,0.106001094899801,0.185078707251306,0.537125766843152,FALSE,FALSE
"G0260",-1.31229878337135,0.165027132167998,0.187348319138329,0.537125766843152,FALSE,FALSE
"G0552",0.0496015595221469,-0.275875217019999,0.187204637502247,0.537125766843152,FALSE,FALSE
"G0597",1.63787411690859,0.10571034728397,0.188364222026325,0.537125766843152,TRUE,FALSE
"G0601",0.344194027368263,0.259360921855022,0.188531144161946,0.537125766843152,TRUE,FALSE
"G0763",-0.563191536791144,-0.24462053186093,0.188112506868133,0.537125766843152,TRUE,FALSE
"G0796",1.93639731086409,0.0237721499939713,0.187029269038131,0.537125766843152,TRUE,FALSE
"G1293",-0.792114565900454,0.226558658540567,0.186167315493339,0.537125766843152,FALSE,FALSE
"G1321",-1.23592403203755,0.176857018854057,0.185814528925306,0.537125766843152,FALSE,FALSE
"G1342",0.916771844367021,-0.214261823574207,0.1866969811355,0.537125766843152,FALSE,FALSE
"G1349",1.63140558307217,-0.107581235423087,0.187742390159952,0.537125766843152,FALSE,FALSE
"G1388",0.947279828507612,0.211538691787823,0.185831029169559,0.537125766843152,TRUE,FALSE
"G1651",1.97628793924985,0.00679325431361052,0.188524139682168,0.537125766843152,TRUE,FALSE
"G0887",-0.478627492484917,0.250379382658002,0.188905211710442,0.537425922362567,FALSE,FALSE
"G1394",-1.30843004221806,0.164389651552002,0.189407141864444,0.538088471205806,FALSE,FALSE
"G0583",-1.9087363449263,-0.0305152268145083,0.189861873609514,0.538615244282308,TRUE,FALSE
"G0631",-0.240966895843615,-0.264786058859653,0.190146879700536,0.538659715865542,TRUE,FALSE
"G1038",-1.85441951282407,0.0477053334798463,0.190497013058639,0.538888297195584,FALSE,FALSE
"G0666",-1.4727541491027,0.136292037590642,0.191381326728588,0.53986269881125,FALSE,FALSE
"G0714",1.70775583721357,-0.0874188767385605,0.191164025003699,0.53986269881125,FALSE,FALSE
"G0373",0.86766761253418,-0.216397192574702,0.192422887107877,0.541450268650197,FALSE,FALSE
"G0785",-1.56814717115897,0.117388048294679,0.192485570505145,0.541450268650197,FALSE,FALSE
"G0108",-1.08542932956727,-0.192241292225974,0.193176820730439,0.541872903882886,TRUE,FALSE
"G1998",1.63018563465818,-0.103820982582263,0.193177690234249,0.541872903882886,FALSE,FALSE
"G1067",-1.17887936999387,0.180077428053026,0.193852774348287,0.542591185529424,FALSE,FALSE
"G1221",1.36978704873579,0.152163304774609,0.193976348826769,0.542591185529424,TRUE,FALSE
"G1112",1.66809511696324,0.0940459952856688,0.19477714102628,0.544070226330391,TRUE,FALSE
"G1270",0.886588633178034,-0.212932233906346,0.195716502703173,0.544413081232747,FALSE,FALSE
"G1338",1.18997076537587,0.177635041180582,0.195630326488128,0.544413081232747,TRUE,FALSE
"G1569",0.0711847303990313,-0.271560336046957,0.195462059095024,0.544413081232747,FALSE,FALSE
"G1540",0.536258011619238,-0.243054644302196,0.19628563872853,0.545237885357027,FALSE,FALSE
"G1314",0.273942896727816,0.260174224688634,0.196796547370259,0.545898883135255,TRUE,FALSE
"G0873",-1.3538196764308,-0.152595095743597,0.197533128888979,0.546219059333452,TRUE,FALSE
"G1171",1.60676777835353,0.105499695334985,0.197887679780801,0.546219059333452,TRUE,FALSE
"G1809",-1.1755530761172,0.178612290336276,0.197382251120485,0.546219059333452,FALSE,FALSE
"G1869",-1.59351257929988,0.108255115153249,0.198004409008376,0.546219059333452,FALSE,FALSE
"G0581",-1.34670719045078,0.153237131419161,0.198360924266052,0.546448827179206,FALSE,FALSE
"G1306",1.39391910941029,-0.14534227766558,0.198713607970992,0.546667422203555,FALSE,FALSE
"G1545",0.485718791304701,-0.245316997042629,0.199590900610185,0.548326650027981,FALSE,FALSE
"G1830",-1.55759253982208,-0.11391065589371,0.200624735499108,0.55041079697972,TRUE,FALSE
"G1416",1.82762783344905,-0.0459110634342563,0.201194868641862,0.551218818196883,FALSE,FALSE
"G0636",0.451302311030919,-0.246594515729632,0.202320659316613,0.55354489553109,FALSE,FALSE
"G0332",-0.825930678709155,0.215520696821265,0.202985234731729,0.554604466480133,FALSE,FALSE
"G1623",1.75621965936631,-0.0638154568206229,0.204639222698266,0.558360771345882,FALSE,FALSE
"G0045",1.9197704626212,-0.00883464952981209,0.206230446478502,0.561822732527227,FALSE,FALSE
"G1882",1.8555483176834,-0.031864528467144,0.206469854203756,0.561822732527227,FALSE,FALSE
"G0723",1.61097599601383,0.09739929864492,0.20794870861888,0.565078012551303,TRUE,FALSE
"G0008",-1.91234579604708,-0.00847554488469605,0.209204960729393,0.567720381897947,TRUE,FALSE
"G0203",-1.85682962839986,-0.0278376150009541,0.210148356724287,0.568506047759106,TRUE,FALSE
"G1419",0.933794629899443,-0.201088908454114,0.210347237670869,0.568506047759106,FALSE,FALSE
"G1615",-1.11060437331526,-0.180439770224398,0.210110873545903,0.568506047759106,TRUE,FALSE
"G0093",-0.33769115586237,0.250042598862886,0.212478971316612,0.572532873073811,FALSE,FALSE
"G0566",-1.91926113102924,0.00198659919817542,0.212600536949667,0.572532873073811,FALSE,FALSE
"G0769",-1.59057002627388,-0.0984138642541492,0.212982228783458,0.572532873073811,TRUE,FALSE
"G1660",-1.63385924072581,-0.0886495093763008,0.212830955864362,0.572532873073811,TRUE,FALSE
"G0351",-1.60431219398007,0.0951192104232274,0.213304083603888,0.57262841235943,FALSE,FALSE
"G0711",1.3956049282303,-0.136081674678256,0.213727643613611,0.572996363575364,FALSE,FALSE
"G0921",0.860184054944303,-0.207092777966049,0.214058204820228,0.573114336868081,FALSE,FALSE
"G0589",0.341650314074502,-0.248266425222437,0.216392076716131,0.578588440417462,FALSE,FALSE
"G0239",-0.291324804724124,0.251087919018033,0.217245512867378,0.580055344725362,FALSE,FALSE
"G1189",1.28625287623627,0.151859507472531,0.217520754272011,0.580055344725362,TRUE,FALSE
"G0075",1.71892633823732,0.0613386500424974,0.220309825955893,0.586710588431141,TRUE,FALSE
"G0026",-1.25235592417266,-0.15501030576917,0.22128900136259,0.587491794636953,TRUE,FALSE
"G0270",1.61616757681286,-0.0863111601376893,0.221949236215608,0.587491794636953,FALSE,FALSE
"G0371",0.252069319747878,0.251629139316577,0.222071898372768,0.587491794636953,TRUE,FALSE
"G1003",1.61970074406333,0.0856065207181155,0.221764129222054,0.587491794636953,TRUE,FALSE
"G1612",-0.458237969382293,0.238399747372351,0.221457831037995,0.587491794636953,FALSE,FALSE
"G1529",-0.589983651787971,-0.227856211358973,0.222797313824264,0.588632269020512,TRUE,FALSE
"G1196",1.58332171358656,-0.0924020527675172,0.224115719991778,0.591334353540311,FALSE,FALSE
"G0255",-0.870023345687065,0.200375484491595,0.22688521049063,0.597852992070172,FALSE,FALSE
"G1995",0.768926409093582,-0.210225739568283,0.227458368203752,0.598574653167767,FALSE,FALSE
"G0194",1.21830537874678,0.155273374690056,0.230541264810821,0.605890314877322,TRUE,FALSE
"G0354",0.614395999728088,-0.221761361644484,0.232996607832185,0.611539653102848,FALSE,FALSE
"G0520",1.85424450475186,0.00536415558515597,0.233803908434915,0.612854281611835,TRUE,FALSE
"G0073",-0.123602759975676,0.254163883382894,0.235059674518161,0.615208359120563,FALSE,FALSE
"G1629",-0.532972848261885,0.227423521997456,0.235317197363615,0.615208359120563,FALSE,FALSE
"G1936",0.926501343556937,-0.190253645954201,0.236027882877203,0.615492787579472,FALSE,FALSE
"G1943",1.69153299141249,0.0566762051683527,0.236041484036728,0.615492787579472,TRUE,FALSE
"G0173",0.496612575778754,0.2294658727292,0.237266769804874,0.617882213033526,TRUE,FALSE
"G1872",1.1741501477948,0.1580331469864,0.237856052232745,0.618611319200897,TRUE,FALSE
"G0243",-1.46177168630104,0.109246891080828,0.238218930632037,0.618750469174122,FALSE,FALSE
"G0003",-0.870777633605343,0.194459575840636,0.24038443077756,0.621148399942014,FALSE,FALSE
"G0294",1.18564001363487,0.155357889070379,0.23991387067426,0.621148399942014,TRUE,FALSE
"G0863",1.18956255922974,-0.154689775138963,0.240107090852566,0.621148399942014,FALSE,FALSE
"G0944",0.422056369813675,0.233802069223997,0.240256912970077,0.621148399942014,TRUE,FALSE
"G1719",-1.29139503119317,-0.138614078248766,0.240735098474706,0.6212518670315,TRUE,FALSE
"G0043",-0.977902941018112,0.181480268303387,0.242484482270163,0.622553227907992,FALSE,FALSE
"G0470",-1.0990821816966,-0.166340499002855,0.24219520258005,0.622553227907992,TRUE,FALSE
"G1432",-1.22681728384888,0.148200582079143,0.241947752144664,0.622553227907992,FALSE,FALSE
"G1810",1.7446287628424,0.035880055808335,0.242370914134969,0.622553227907992,TRUE,FALSE
"G1141",-0.668314931523572,0.213036057232629,0.243283008657331,0.623802586300849,FALSE,FALSE
"G0955",-1.77556845073388,-0.0244491028764019,0.243895775091244,0.62457304760882,TRUE,FALSE
"G1383",-0.79561659269378,0.200366366111485,0.244865453304528,0.626254356277566,FALSE,FALSE
"G0117",-0.789800446142907,-0.200775687005693,0.245286338159614,0.626529599385988,TRUE,FALSE
"G0860",0.643640956726207,0.213719007626505,0.247099496930934,0.629729307197736,TRUE,FALSE
"G1330",-1.69158922396172,-0.0476570291272009,0.247798482382309,0.629729307197736,TRUE,FALSE
"G1687",1.47292606102964,-0.101393518471485,0.247539990726801,0.629729307197736,FALSE,FALSE
"G1831",0.626407794577016,0.215096993708597,0.247405161086476,0.629729307197736,TRUE,FALSE
"G0269",-0.857008619328728,-0.191728326097524,0.250375372023788,0.632786326728301,TRUE,FALSE
"G0953",-1.64290262156884,-0.0592576331736521,0.250583385384407,0.632786326728301,TRUE,FALSE
"G0957",1.7510468744589,0.0272044046681903,0.250267531703913,0.632786326728301,TRUE,FALSE
"G1477",0.125394721328991,-0.248784365361443,0.250286444303461,0.632786326728301,FALSE,FALSE
"G1642",1.67104539999695,0.0517871527526334,0.250149218275094,0.632786326728301,TRUE,FALSE
"G1450",-1.26940746350714,0.136703651421678,0.251355036292184,0.633934517760867,FALSE,FALSE
"G1173",-0.542639050559564,0.220114441229585,0.252560892633119,0.634810718350854,FALSE,FALSE
"G1417",1.17841191437309,-0.150203177963051,0.25265466590364,0.634810718350854,FALSE,FALSE
"G1503",-0.473358051207888,-0.225592631769591,0.252342106921446,0.634810718350854,TRUE,FALSE
"G0469",-0.266172351060701,-0.239257299636887,0.254019917584578,0.636361872196994,TRUE,FALSE
"G1114",0.557528328618703,0.218286657315169,0.254226567942699,0.636361872196994,TRUE,FALSE
"G1217",-1.49347152278348,0.0932625721981193,0.253793147326687,0.636361872196994,FALSE,FALSE
"G0659",-1.62931990551456,-0.0595037934603742,0.255378337664008,0.636572816223535,TRUE,FALSE
"G1247",1.45959521489172,-0.0994812511189388,0.255426596560443,0.636572816223535,FALSE,FALSE
"G1858",-0.449435058521964,0.226202982534181,0.255583985713749,0.636572816223535,FALSE,FALSE
"G1926",0.642844233181312,-0.210522646788629,0.255582007804391,0.636572816223535,FALSE,FALSE
"G0511",-1.7997723953362,0.00444210294396158,0.256424661650989,0.637872292664151,FALSE,FALSE
"G1052",-1.59015870924774,-0.0686404847898432,0.256923148877948,0.638318382305461,TRUE,FALSE
"G1836",0.545158174960211,-0.218171699157185,0.257246903339825,0.638329784962345,FALSE,FALSE
"G1425",-0.687800122532551,0.205530253363783,0.257997575367317,0.639397883242527,FALSE,FALSE
"G1787",1.05633848190142,-0.164625037997,0.258316744829981,0.639397883242527,FALSE,FALSE
"G0745",0.557581219707707,0.216311583583571,0.259536963225221,0.640378058782136,TRUE,FALSE
"G1365",-0.697421985158733,0.203989690006763,0.259673302836156,0.640378058782136,FALSE,FALSE
"G1451",-0.932085734438952,0.179666807008729,0.259148480871111,0.640378058782136,FALSE,FALSE
"G0210",1.3987189554318,0.107925659088984,0.262114665461252,0.64167194260112,TRUE,FALSE
"G0319",-1.33876400921731,-0.119325016855323,0.261868859623463,0.64167194260112,TRUE,FALSE
"G0327",1.12439235451868,0.153137872368947,0.263085496466459,0.64167194260112,TRUE,FALSE
"G0586",1.15232174421702,0.149743150579096,0.261707740855666,0.64167194260112,TRUE,FALSE
"G0598",-1.20733418120328,-0.140832868933593,0.262971346177775,0.64167194260112,TRUE,FALSE
"G0808",1.31231789167378,-0.12354205099853,0.262820402873042,0.64167194260112,FALSE,FALSE
"G1058",-1.4171539793372,0.104622398351817,0.261515604080272,0.64167194260112,FALSE,FALSE
"G1828",1.04120211544243,-0.164684206439675,0.262655023734425,0.64167194260112,FALSE,FALSE
"G1922",-0.942721046710143,0.177220544687635,0.261987208569314,0.64167194260112,FALSE,FALSE
"G0293",0.497722203347278,-0.219511211989771,0.263939205395793,0.64274236305022,FALSE,FALSE
"G0515",-0.0139941045119107,0.249999511169718,0.264167111213641,0.64274236305022,FALSE,FALSE
"G1035",1.61961510955958,-0.0555171963565554,0.264807644609645,0.643138159121815,FALSE,FALSE
"G1924",-0.249951423513271,-0.236517251046752,0.264972921558188,0.643138159121815,TRUE,FALSE
"G0964",0.893777744052533,-0.181234374351278,0.265981742584699,0.643244843010156,FALSE,FALSE
"G0968",1.1470027171805,0.14874238082125,0.265523613328576,0.643244843010156,TRUE,FALSE
"G1508",-0.925755661705498,0.177679778590778,0.265660366451314,0.643244843010156,FALSE,FALSE
"G1361",-0.947197536472359,-0.174612983532255,0.266923918239223,0.644743763862858,TRUE,FALSE
"G1758",-1.19628844499551,0.140260668841269,0.267742694087386,0.645941360886336,FALSE,FALSE
"G0836",1.11897179804218,0.151296503223106,0.268800215742655,0.64729547773274,TRUE,FALSE
"G1151",-0.39963150834139,-0.225107824293365,0.268951270997953,0.64729547773274,TRUE,FALSE
"G0595",-1.48857788320267,-0.0832109319567177,0.272269486542906,0.654493958035833,TRUE,FALSE
"G0176",1.24612253397107,-0.12973068892295,0.272977351943738,0.655407807788087,FALSE,FALSE
"G0972",-0.638073726419699,-0.204300694243197,0.273313466145875,0.655427976369006,TRUE,FALSE
"G1086",-0.973892336533007,-0.168052915562249,0.274800757728878,0.658205407733841,TRUE,FALSE
"G0087",1.26200938062639,-0.125693762455494,0.275761305093932,0.659716040894574,FALSE,FALSE
"G1614",0.687225473437696,0.198676383794175,0.276232367045573,0.660053445748084,TRUE,FALSE
"G0728",0.691487433198398,0.197950352810893,0.277094499375889,0.660112046856622,TRUE,FALSE
"G0843",1.17849132928048,0.138026179757416,0.278352021745287,0.660112046856622,TRUE,FALSE
"G1404",1.48294372773341,0.0808769776081033,0.278334832710294,0.660112046856622,TRUE,FALSE
"G1424",1.19270578079419,0.135877196243715,0.278188320128233,0.660112046856622,TRUE,FALSE
"G1440",1.58075036031528,0.0566314165839571,0.278567283773495,0.660112046856622,TRUE,FALSE
"G1737",-0.0193734778662111,0.245330375742352,0.277930129868013,0.660112046856622,FALSE,FALSE
"G1868",-0.0478647623686122,-0.243947466305365,0.277648286956402,0.660112046856622,TRUE,FALSE
"G0059",1.71115850747586,-0.0161143550197545,0.280016685362356,0.660294628877468,FALSE,FALSE
"G0086",-0.622962659764788,0.203340692044827,0.279656139975913,0.660294628877468,FALSE,FALSE
"G0778",0.184185060278362,0.235791479511731,0.279294424984933,0.660294628877468,TRUE,FALSE
"G1191",1.31243918737546,0.114541607598578,0.280295069958485,0.660294628877468,TRUE,FALSE
"G1843",-0.0483432112568491,-0.243349589013184,0.279458574545247,0.660294628877468,TRUE,FALSE
"G1517",-1.70870131233114,-0.0160769509637113,0.281110171051296,0.661435696591286,TRUE,FALSE
"G1076",1.60258407676699,0.0487243750220932,0.281456952748249,0.661473449467095,TRUE,FALSE
"G1554",0.54107790476895,0.209598926688369,0.281951826581398,0.661858747843657,TRUE,FALSE
"G0005",0.0693956473744585,-0.240393850287964,0.28529303264613,0.662749378116496,FALSE,FALSE
"G0058",-0.627258086004879,-0.200910361197282,0.285313607279152,0.662749378116496,TRUE,FALSE
"G0375",1.05606960140852,0.153527879347751,0.28368485022277,0.662749378116496,TRUE,FALSE
"G0498",1.65235784319754,-0.0318579358737316,0.284563860623923,0.662749378116496,FALSE,FALSE
"G0516",-0.235200839818886,-0.231060151063157,0.284237788235427,0.662749378116496,TRUE,FALSE
"G0604",0.342800284341219,0.22364166942561,0.285122126369468,0.662749378116496,TRUE,FALSE
"G0674",-0.492817822952378,0.212970414144139,0.283571429760712,0.662749378116496,FALSE,FALSE
"G0692",-0.958376792791154,0.166001320274573,0.284412822988021,0.662749378116496,FALSE,FALSE
"G1699",1.45965683471903,-0.0829317342145521,0.283808461490059,0.662749378116496,FALSE,FALSE
"G1478",-1.58124779060728,-0.05016030705414,0.288096245901475,0.668436765432656,TRUE,FALSE
"G0363",-1.43422177150788,0.0849067060523411,0.290222220132723,0.670381292683176,FALSE,FALSE
"G1266",1.34405371053338,-0.103367495406752,0.290467465326358,0.670381292683176,FALSE,FALSE
"G1319",-1.145469601333,0.137865561729766,0.289820115921138,0.670381292683176,FALSE,FALSE
"G1473",-1.54543948313615,-0.0581125051666869,0.290610290378157,0.670381292683176,TRUE,FALSE
"G1780",-1.57313115107482,0.0510994030768203,0.2900352165599,0.670381292683176,FALSE,FALSE
"G0702",-0.329102801964517,-0.222655515367441,0.290993919296164,0.670492901604064,TRUE,FALSE
"G0184",-0.584213460652307,0.20242958813001,0.291848237030113,0.670637626880773,FALSE,FALSE
"G0408",-1.46768436330169,0.075631672798175,0.293240606832774,0.670637626880773,FALSE,FALSE
"G0822",0.99292291778912,0.158205785903363,0.292658181897655,0.670637626880773,TRUE,FALSE
"G0875",0.234116136807353,-0.228015996862844,0.293910818268696,0.670637626880773,FALSE,FALSE
"G1352",1.72039730214527,0.00190236377535787,0.293172979765506,0.670637626880773,TRUE,FALSE
"G1494",-0.996213532625467,0.157052352951211,0.294409918200659,0.670637626880773,FALSE,FALSE
"G1620",1.65407193138734,-0.0256267629005029,0.292241035151492,0.670637626880773,FALSE,FALSE
"G1789",1.19958805043073,-0.127334205530081,0.294116514372026,0.670637626880773,FALSE,FALSE
"G1859",-1.51740537616739,0.0641808228983056,0.292354806906949,0.670637626880773,FALSE,FALSE
"G1963",1.62182543432759,0.0347349952241516,0.293529864198989,0.670637626880773,TRUE,FALSE
"G1144",0.278246735587241,0.2248600257162,0.294818219135147,0.670803684039015,TRUE,FALSE
"G0528",-0.238694074135277,0.226924864270731,0.296420081368602,0.671382557581026,FALSE,FALSE
"G0648",-0.989450308257357,0.157023326090891,0.296639767415347,0.671382557581026,FALSE,FALSE
"G0797",-1.45588379753146,-0.0770998406452956,0.295411237196995,0.671382557581026,TRUE,FALSE
"G1001",-0.88614958536232,-0.17019452727642,0.295797637752523,0.671382557581026,TRUE,FALSE
"G1137",-1.48382894682663,-0.0697599217883097,0.296751090450813,0.671382557581026,TRUE,FALSE
"G1423",-1.6973883619641,-0.00711267199954944,0.297106317972881,0.671426707283347,TRUE,FALSE
"G0157",0.116806212925635,-0.233560474659543,0.298798105263732,0.674487822265761,FALSE,FALSE
"G0411",1.08427900648207,0.142829931946166,0.299278910660347,0.674811523473161,TRUE,FALSE
"G1555",-0.835159081809374,0.174415586447551,0.300099230049892,0.675899166779036,FALSE,FALSE
"G0447",0.906379731668726,0.165759149479691,0.300959180235406,0.677073521339495,TRUE,FALSE
"G0097",1.69739389482068,0.00241671773675656,0.30286356117165,0.679358023040652,TRUE,FALSE
"G0626",-1.58941141444985,-0.0379510048386341,0.302812298531969,0.679358023040652,TRUE,FALSE
"G0794",1.36204724954097,0.0925515235566122,0.304352394322212,0.679358023040652,TRUE,FALSE
"G1645",0.302091046239594,0.220540608624748,0.303289548852097,0.679358023040652,TRUE,FALSE
"G1761",1.63734154231024,0.022333959612775,0.30400282592964,0.679358023040652,TRUE,FALSE
"G1842",-1.56891365824098,0.0431850388488281,0.30381942940458,0.679358023040652,FALSE,FALSE
"G1887",-0.654595628063766,-0.191675867156344,0.304117962133133,0.679358023040652,TRUE,FALSE
"G0031",-0.53353957357734,0.202258791452791,0.305057754757512,0.679551395640967,FALSE,FALSE
"G0187",0.412157036847037,0.212007467335171,0.305118576642794,0.679551395640967,TRUE,FALSE
"G0420",1.28251129409906,-0.106857251348804,0.306761551961089,0.680566101154131,FALSE,FALSE
"G0673",-1.14575678099,0.130589939387482,0.306010275934818,0.680566101154131,FALSE,FALSE
"G1004",0.519269904664384,-0.202754089310998,0.307171805600087,0.680566101154131,FALSE,FALSE
"G1769",-0.256897007236222,-0.222371552862901,0.307097117879037,0.680566101154131,TRUE,FALSE
"G1983",1.13666002123292,-0.131458160073397,0.30727559467109,0.680566101154131,FALSE,FALSE
"G0321",-0.350684196699262,-0.215407551855404,0.30867461589322,0.680841431092042,TRUE,FALSE
"G0404",-0.76729877857509,0.178543363201126,0.30901915934684,0.680841431092042,FALSE,FALSE
"G0816",1.35893058212786,0.089802199207528,0.310858824539029,0.680841431092042,TRUE,FALSE
"G0990",1.64819754690779,-0.0153816013154531,0.308524860560629,0.680841431092042,FALSE,FALSE
"G1484",1.49912572886303,-0.0581072187889846,0.309918406597328,0.680841431092042,FALSE,FALSE
"G1538",-1.29667481478582,0.102285784799459,0.310647904553515,0.680841431092042,FALSE,FALSE
"G1586",0.0156187673475151,-0.236092407397302,0.308732964800437,0.680841431092042,FALSE,FALSE
"G1643",0.685997297370749,-0.186365293062441,0.310524470513113,0.680841431092042,FALSE,FALSE
"G1685",-0.559887034549306,-0.198238090049425,0.310205208932858,0.680841431092042,TRUE,FALSE
"G1739",-0.157074398210195,0.227788058616581,0.309905359046037,0.680841431092042,FALSE,FALSE
"G1853",0.993125665813756,-0.150638245796228,0.311144534009063,0.680841431092042,FALSE,FALSE
"G0729",-0.0409774766647957,0.233776707777213,0.311981910622299,0.681183210965718,FALSE,FALSE
"G1694",0.936080482562332,0.157833655459908,0.311793217863358,0.681183210965718,TRUE,FALSE
"G0077",-1.60431026176048,-0.0264604793658505,0.31293169632281,0.681439270726953,TRUE,FALSE
"G1510",-1.45111649529909,-0.0683663814117928,0.312620853902772,0.681439270726953,TRUE,FALSE
"G1777",0.234904199124085,-0.221934587410765,0.313121344899035,0.681439270726953,FALSE,FALSE
"G1743",1.6629786051937,-0.00642403482072416,0.313519775692789,0.681564729766933,FALSE,FALSE
"G1273",-1.12711344946393,0.129787756494203,0.314508452549243,0.682971666773601,FALSE,FALSE
"G0277",0.307023011977597,-0.216371651293722,0.315402811009604,0.68342970966328,FALSE,FALSE
"G1065",-0.958355232914479,-0.153571931992248,0.315339313261659,0.68342970966328,TRUE,FALSE
"G0959",1.48101932421716,0.0591623532263147,0.315850303643397,0.6836586658948,TRUE,FALSE
"G1500",-1.33248719429825,-0.0919176768905269,0.317304939041621,0.686064733062964,TRUE,FALSE
"G1154",1.08522983690742,-0.134669389697395,0.31811020703649,0.687063082152246,FALSE,FALSE
"G0903",1.14761985588741,0.124638240153865,0.318832225690718,0.68787966707814,TRUE,FALSE
"G0040",-0.00636892891484486,0.233261643290753,0.319978013198102,0.688358371555724,FALSE,FALSE
"G0357",-1.17124863442311,-0.120420663714682,0.319612258562142,0.688358371555724,TRUE,FALSE
"G0544",-1.41989896333921,-0.0711382904659114,0.320764731941405,0.688358371555724,TRUE,FALSE
"G0617",-0.448305910907794,-0.204115249425063,0.32073943824626,0.688358371555724,TRUE,FALSE
"G1140",-1.574017112396,0.0304031787948318,0.320775001144967,0.688358371555724,FALSE,FALSE
"G0709",-1.51866762967456,-0.0460230431918488,0.321232091806167,0.688600411160058,TRUE,FALSE
"G1927",-0.227594653880278,0.219794932651309,0.321643401777766,0.688743901023053,FALSE,FALSE
"G1682",-1.01235635498952,-0.143452652969909,0.322421635768114,0.689671948167089,TRUE,FALSE
"G0254",1.31469627531537,0.0926075989624052,0.323080515242171,0.689989638778871,TRUE,FALSE
"G1764",-1.3906441436859,-0.076442616462415,0.323260145767901,0.689989638778871,TRUE,FALSE
"G0154",-1.15911793016754,-0.120591623035082,0.323762175502014,0.690324468021352,TRUE,FALSE
"G0138",-0.425724401474022,-0.204741119247953,0.324375434307338,0.690486938705016,TRUE,FALSE
"G0642",0.31283044591251,0.21293834981708,0.32512248830537,0.690486938705016,TRUE,FALSE
"G1728",0.831637995092736,-0.165435059092792,0.325219348130063,0.690486938705016,FALSE,FALSE
"G1791",-1.15662732028705,0.120414040263169,0.325099907323942,0.690486938705016,FALSE,FALSE
"G0658",-0.812552121927585,0.167462418341517,0.325694386050401,0.690762218558645,FALSE,FALSE
"G0028",0.751391194545935,-0.17398065477083,0.326436243301957,0.690870356194618,FALSE,FALSE
"G1779",1.3265983154971,-0.0886759675010898,0.326113710703781,0.690870356194618,FALSE,FALSE
"G1056",-0.256480607956338,-0.216124015156308,0.327422277167122,0.692224687456918,TRUE,FALSE
"G0348",-0.796053892663566,-0.167992419946285,0.329404561187851,0.692318105505313,TRUE,FALSE
"G0665",-1.375210446411,-0.07654459084539,0.329543418220529,0.692318105505313,TRUE,FALSE
"G0727",1.4907010973021,-0.0490738787028229,0.328581123266208,0.692318105505313,FALSE,FALSE
"G0828",1.55278865626246,0.0313810359392925,0.328913011037327,0.692318105505313,TRUE,FALSE
"G1055",-0.922129768086484,-0.153128034980104,0.328551586286243,0.692318105505313,TRUE,FALSE
"G1160",-1.39591821707638,0.0720714585808368,0.329190932457452,0.692318105505313,FALSE,FALSE
"G0878",-1.63063542586023,-0.00514203697269288,0.330248444517777,0.692995714763964,TRUE,FALSE
"G1515",0.987361340420297,-0.143582264486066,0.330794404357693,0.692995714763964,FALSE,FALSE
"G1865",0.918673665047652,-0.152673175900597,0.330905453799793,0.692995714763964,FALSE,FALSE
"G1829",0.321152384880494,-0.210379402365747,0.331498224173644,0.693510929233566,FALSE,FALSE
"G0099",-0.766616636225272,-0.170277632367673,0.332197522560777,0.694247696051781,TRUE,FALSE
"G0667",-1.44520967284587,-0.0581274186841272,0.333136709895004,0.695483736732786,TRUE,FALSE
"G0715",-0.779166556871574,0.168124048017717,0.334337604698207,0.696536676454598,FALSE,FALSE
"G1591",0.0133417778467314,-0.228754361842906,0.334289204285884,0.696536676454598,FALSE,FALSE
"G1382",-1.31572476019648,0.0860943703149391,0.335767252500042,0.698060816008403,FALSE,FALSE
"G1824",0.18858559056274,-0.218156602311646,0.335460550064062,0.698060816008403,FALSE,FALSE
"G0388",-0.898336065510746,0.153275560255911,0.336167273790988,0.698166716076818,FALSE,FALSE
"G0660",0.568905706511775,0.188545004582703,0.336878992453174,0.698919071479615,TRUE,FALSE
"G0716",-0.706899068671983,0.174767582717415,0.337692967358962,0.699157282316691,FALSE,FALSE
"G1992",-1.19630906994616,0.108081706971266,0.337582411498479,0.699157282316691,FALSE,FALSE
"G1215",1.26252689567853,0.0952590317358976,0.338799759209244,0.699999502498438,TRUE,FALSE
"G1951",0.0244906964688613,-0.226921877534059,0.33859396174611,0.699999502498438,FALSE,FALSE
"G1693",-0.437333147103703,0.198962793369187,0.339716009879987,0.701168235046413,FALSE,FALSE
"G0577",1.34357671685515,-0.0778849717272584,0.340362289506895,0.701244648651464,FALSE,FALSE
"G0983",-1.48862930913481,0.0422681704928043,0.340821199731674,0.701244648651464,FALSE,FALSE
"G1304",-1.15325770732252,0.113793765216974,0.341544827551328,0.701244648651464,FALSE,FALSE
"G1548",1.5868597609769,0.0122565172722075,0.341220241324409,0.701244648651464,TRUE,FALSE
"G1910",0.92527077217127,0.147723437684204,0.341693119805645,0.701244648651464,TRUE,FALSE
"G1972",0.645404965401519,0.179613809661349,0.341856766217588,0.701244648651464,TRUE,FALSE
"G0218",-0.291160143634804,-0.20855040397427,0.344580362027485,0.703943538360542,TRUE,FALSE
"G1110",-1.35747030552191,0.0728720363284659,0.344164849868464,0.703943538360542,FALSE,FALSE
"G1389",-1.32874880239981,0.0791298644575374,0.344228345813332,0.703943538360542,FALSE,FALSE
"G1599",1.12662780770316,-0.117021669795425,0.344392621430941,0.703943538360542,FALSE,FALSE
"G0313",0.243844628486594,0.211359189071212,0.346164152199404,0.705970154374166,TRUE,FALSE
"G0922",0.0180987749773109,-0.224908879349777,0.346930922996618,0.705970154374166,FALSE,FALSE
"G1179",0.440959630244447,0.196396484820507,0.346984330874902,0.705970154374166,TRUE,FALSE
"G1890",-1.46348125307325,0.0457111872349447,0.346495060310778,0.705970154374166,FALSE,FALSE
"G0201",-1.55703574445065,-0.0169731606240648,0.348602051779718,0.706440680046939,TRUE,FALSE
"G0346",1.23124621524982,0.09702607551543,0.347839309599573,0.706440680046939,TRUE,FALSE
"G1445",0.930230736309287,0.144700088983749,0.347960756550237,0.706440680046939,TRUE,FALSE
"G1574",-0.193311894185212,0.213986501341853,0.348628475603164,0.706440680046939,FALSE,FALSE
"G0997",1.03378423761425,0.129642888671544,0.349128940492575,0.706738745936388,TRUE,FALSE
"G0345",1.39082051104259,0.0622585144910607,0.349694690931069,0.707168232418745,TRUE,FALSE
"G1169",1.40937245611348,0.0574839514097131,0.3502070704473,0.707489031206666,TRUE,FALSE
"G0784",-0.0185273854581721,0.223843735424632,0.350640293514429,0.707649431916103,FALSE,FALSE
"G0920",-0.162898923853373,-0.215166405124936,0.351267496330732,0.707778283807215,TRUE,FALSE
"G1106",-0.652932838380961,-0.175673010736744,0.351411917910282,0.707778283807215,TRUE,FALSE
"G0606",0.921433254590606,-0.144404037008618,0.351859579648715,0.707966961063812,FALSE,FALSE
"G0774",0.87604207279027,0.149904628553648,0.352896236905911,0.709339169660123,TRUE,FALSE
"G1605",1.55285735482629,0.0148567601040073,0.353745279039416,0.710331885621318,TRUE,FALSE
"G0064",-0.774316319358709,-0.161405622494043,0.354991590105359,0.711405992195108,TRUE,FALSE
"G1817",-1.28176030084847,0.0837771598360713,0.354856099611826,0.711405992195108,FALSE,FALSE
"G0001",1.13496508865819,0.110867237992696,0.355572845209318,0.711857547966602,TRUE,FALSE
"G0276",1.22644932416057,-0.0940155587470772,0.356397798551014,0.712795597102029,FALSE,FALSE
"G0782",-1.53501873647929,0.0183977470629823,0.357036393059038,0.713359426691385,FALSE,FALSE
"G1324",-1.19765706762331,0.0989551295207811,0.357433933435335,0.713440984900868,FALSE,FALSE
"G0072",-0.819963126879738,-0.153889099058354,0.361117740169261,0.716503452716788,TRUE,FALSE
"G0440",1.57531667679071,0.00254968528996121,0.360546311461063,0.716503452716788,TRUE,FALSE
"G0684",0.95884866279506,-0.135920718148959,0.360838321594829,0.716503452716788,FALSE,FALSE
"G0877",-1.11332527493423,-0.112404600208652,0.360571176569428,0.716503452716788,TRUE,FALSE
"G0947",-1.45966580569284,-0.0387311028390863,0.360170820630859,0.716503452716788,TRUE,FALSE
"G1068",0.49559328314573,0.187885928835214,0.359449674871428,0.716503452716788,TRUE,FALSE
"G1499",-1.29141105604798,-0.0781815933735168,0.362291062654527,0.718119053824632,TRUE,FALSE
"G0071",0.855519222050403,0.148313715602504,0.364452969915244,0.719107104443986,TRUE,FALSE
"G0748",1.2162434707284,-0.092129667339375,0.36484537469227,0.719107104443986,FALSE,FALSE
"G1020",1.42518963325776,0.0452784514631307,0.364946855505323,0.719107104443986,TRUE,FALSE
"G1202",0.809273076943848,0.154251985854215,0.363742940557699,0.719107104443986,TRUE,FALSE
"G1546",-1.20700151242928,0.094135252518341,0.364302615783251,0.719107104443986,FALSE,FALSE
"G1747",0.714734727528985,0.164864913790233,0.364337844501597,0.719107104443986,TRUE,FALSE
"G0170",-0.43932265687835,0.190700192515045,0.365926466540298,0.720327690039957,FALSE,FALSE
"G0508",1.32920820523491,0.0672281971362268,0.367715116342256,0.722426554699913,TRUE,FALSE
"G1774",-0.34897839180517,-0.197500223350252,0.367367170221752,0.722426554699913,TRUE,FALSE
"G1496",-0.171835289489714,0.208962677067885,0.371012441957244,0.728189287452883,FALSE,FALSE
"G0134",-1.39762961790436,-0.0483459248113392,0.372320817526542,0.728422997784146,TRUE,FALSE
"G0471",-1.53421754307361,0.00832510151666714,0.372602143517684,0.728422997784146,FALSE,FALSE
"G0635",-1.35354954481764,0.0585205504262608,0.373680997863267,0.728422997784146,FALSE,FALSE
"G0882",-0.636660846087287,-0.170095018375882,0.373462231226574,0.728422997784146,TRUE,FALSE
"G1091",-0.983805242713974,0.12812327441663,0.371925770336669,0.728422997784146,FALSE,FALSE
"G1095",-0.300346064814908,0.199922215283823,0.371555824460387,0.728422997784146,FALSE,FALSE
"G1598",1.3932611409182,-0.0487231008417196,0.373678341174351,0.728422997784146,FALSE,FALSE
"G1101",-1.34105094793775,0.0612469377860381,0.374129387124798,0.728586927214796,FALSE,FALSE
"G0781",-1.24269361449976,-0.081625560046404,0.376385920172109,0.728723949994403,TRUE,FALSE
"G0804",1.50698177745129,0.0155921772812309,0.375066990605645,0.728723949994403,TRUE,FALSE
"G0900",0.738477114377377,0.158653336956717,0.374949265838304,0.728723949994403,TRUE,FALSE
"G1010",-0.208078589007654,0.205244686452121,0.375672948078343,0.728723949994403,FALSE,FALSE
"G1224",1.26408532917631,0.0773743296365505,0.376024419958376,0.728723949994403,TRUE,FALSE
"G1722",0.862549935300524,0.143534817078203,0.375305137984632,0.728723949994403,TRUE,FALSE
"G0550",0.474565208416551,0.184318430130303,0.37698722647635,0.729174299147113,TRUE,FALSE
"G0582",1.1719354256206,-0.0949246297277349,0.377382115819611,0.729174299147113,FALSE,FALSE
"G1418",-0.356311144925066,0.19388047242169,0.377712286958204,0.729174299147113,FALSE,FALSE
"G0304",-1.20557521138083,-0.0880277129538367,0.378541660215576,0.73007070436948,TRUE,FALSE
"G1381",-0.0989175936758863,-0.211261915781681,0.379225360915292,0.730684703112317,TRUE,FALSE
"G0978",-0.949647250572148,0.129869544577862,0.380374205582789,0.732192888513549,FALSE,FALSE
"G0965",-0.719124934258425,0.158655306464838,0.381456231724236,0.733569676392762,FALSE,FALSE
"G1587",1.13216757964278,-0.0998910179764424,0.382652262357494,0.735162847949075,FALSE,FALSE
"G0247",1.38145424797967,0.0461522911602517,0.384020195472393,0.737082908776187,TRUE,FALSE
"G1007",0.0535156788292137,-0.211960494538339,0.386621291148307,0.741363933170292,FALSE,FALSE
"G0156",-1.22219332602225,-0.0808597074045116,0.387133014726584,0.741388696522332,TRUE,FALSE
"G1178",1.19297168388268,-0.0865459759199789,0.387375593932918,0.741388696522332,FALSE,FALSE
"G0220",0.295725633211195,0.195440073629842,0.38827496223599,0.742399545384303,TRUE,FALSE
"G0142",0.389503542813737,0.187968702871137,0.388820646276852,0.742732848666384,TRUE,FALSE
"G0682",1.15626342259789,-0.0919876615081843,0.39092329694733,0.745169363503416,FALSE,FALSE
"G0848",0.608190081478319,0.167345933378513,0.391134288815768,0.745169363503416,TRUE,FALSE
"G1522",-0.666786427974122,-0.161202329434617,0.391213915839293,0.745169363503416,TRUE,FALSE
"G0760",0.996548594518466,-0.118102491964966,0.393148419900592,0.748141617317967,FALSE,FALSE
"G0185",0.771268501872661,0.148165594604167,0.394715942733415,0.749412822859952,TRUE,FALSE
"G0347",-1.11333746215215,-0.0980999976676561,0.394949540426449,0.749412822859952,TRUE,FALSE
"G1346",1.10621753975541,-0.0992081195690028,0.395315264058625,0.749412822859952,FALSE,FALSE
"G1712",-1.20366246848664,-0.0809143229474749,0.395293397834268,0.749412822859952,TRUE,FALSE
"G0479",-0.937992531749062,-0.125737345974956,0.396036933219901,0.750069949280116,TRUE,FALSE
"G0489",-0.806865299790739,0.143120454271239,0.39671193003663,0.75063752135597,FALSE,FALSE
"G1965",-1.34646402698381,-0.0480760981580524,0.397156720408577,0.750768847653265,TRUE,FALSE
"G0434",0.963994790082482,0.121176365744529,0.398052592107259,0.750812999809927,TRUE,FALSE
"G0733",-1.22577374782218,-0.0750378023006828,0.398306296399166,0.750812999809927,TRUE,FALSE
"G1466",0.189609124622576,-0.200229269447873,0.398095249525964,0.750812999809927,FALSE,FALSE
"G0023",0.78500640067928,0.144666938154796,0.400129300121747,0.75176141695213,TRUE,FALSE
"G0065",-1.41037496599359,0.0290926745396007,0.400767354135385,0.75176141695213,FALSE,FALSE
"G0083",0.393093925514259,-0.183658349750853,0.402570910476618,0.75176141695213,FALSE,FALSE
"G0282",0.742589845818649,0.148959421587395,0.402555017420811,0.75176141695213,TRUE,FALSE
"G0310",0.590461401136985,-0.165831584525,0.401692898774432,0.75176141695213,FALSE,FALSE
"G0932",-0.0215414228588399,-0.210434210875157,0.39925677944044,0.75176141695213,TRUE,FALSE
"G1080",1.41568816870243,0.0263294700720497,0.402944119486341,0.75176141695213,TRUE,FALSE
"G1118",-0.313753260213032,-0.190794320274806,0.399786667891078,0.75176141695213,TRUE,FALSE
"G1336",-1.2624715436231,0.0657772200937653,0.401295149315312,0.75176141695213,FALSE,FALSE
"G1733",1.37912958917576,-0.0368084602375019,0.402408913066693,0.75176141695213,FALSE,FALSE
"G1899",0.109621659006559,0.204185613577189,0.402774059565483,0.75176141695213,TRUE,FALSE
"G0114",0.545387805924617,0.169699498861582,0.403582110490211,0.752249972954727,TRUE,FALSE
"G0369",-0.150643686787645,0.200564608543915,0.406391881963329,0.75595356071781,FALSE,FALSE
"G1042",0.318080700037989,-0.188504467060053,0.406678732046264,0.75595356071781,FALSE,FALSE
"G1581",1.47014135588169,-0.00735313539566383,0.406703015666182,0.75595356071781,FALSE,FALSE
"G0191",1.1315325132809,-0.0891664948447651,0.408425958535814,0.756898117385012,FALSE,FALSE
"G1011",-0.312786579520356,-0.188335970188435,0.408724983387907,0.756898117385012,TRUE,FALSE
"G1129",-1.48546741238514,0.00101543516616551,0.408602457319495,0.756898117385012,FALSE,FALSE
"G1267",0.541897771884441,-0.168530878073812,0.408526441014745,0.756898117385012,FALSE,FALSE
"G0858",-0.587075872029574,-0.163018391344565,0.411884030947205,0.761370347224169,TRUE,FALSE
"G1742",-0.683797271041848,0.152675492256363,0.411901357848276,0.761370347224169,FALSE,FALSE
"G0190",-0.778830223440943,0.141316429108971,0.412338393663358,0.761474411197336,FALSE,FALSE
"G1497",-1.33395998056899,0.0427064496661814,0.413603824852913,0.763106687920504,FALSE,FALSE
"G1454",1.31569612187067,-0.0469471549893884,0.414306644197971,0.763698883314233,FALSE,FALSE
"G0548",-0.502969399031042,-0.169153798289571,0.418823053544293,0.764702486343112,TRUE,FALSE
"G0585",0.676687513659109,-0.152187063171601,0.415917215449072,0.764702486343112,FALSE,FALSE
"G0672",1.41801430342912,0.0168456265457816,0.41809901096964,0.764702486343112,TRUE,FALSE
"G0756",1.2308141088357,-0.0645985789211743,0.418712636128861,0.764702486343112,FALSE,FALSE
"G0823",0.813857888451312,-0.134598796729349,0.419056962516025,0.764702486343112,FALSE,FALSE
"G0970",1.42589836833203,0.0149539401889835,0.417221060593723,0.764702486343112,TRUE,FALSE
"G1050",0.702580937904198,-0.148770760870139,0.417396213601601,0.764702486343112,FALSE,FALSE
"G1138",-0.286871051313951,0.188228548829682,0.416191711032465,0.764702486343112,FALSE,FALSE
"G1480",1.34769693635681,-0.0371623063297919,0.417371601719011,0.764702486343112,FALSE,FALSE
"G1506",1.15984937728077,0.0796097891868794,0.41812203098292,0.764702486343112,TRUE,FALSE
"G1841",-1.10031467271034,0.0905356405978514,0.418997626817365,0.764702486343112,FALSE,FALSE
"G1362",-0.232353004120933,0.19120197698096,0.420058516436642,0.765431004600139,FALSE,FALSE
"G1886",-1.29941035593765,-0.0479912344108526,0.420221621525476,0.765431004600139,TRUE,FALSE
"G0458",1.38770886795755,0.0237956349133559,0.421615939763607,0.765889270345699,TRUE,FALSE
"G1059",0.610781009704744,-0.157554801508028,0.421622043325308,0.765889270345699,FALSE,FALSE
"G1941",-0.975103711959236,0.110861158703096,0.421117106183303,0.765889270345699,FALSE,FALSE
"G1939",1.21580446481486,-0.0662499298729638,0.422226864685071,0.766291950426627,FALSE,FALSE
"G1163",-0.218080698235093,-0.190954923664694,0.424729958055537,0.770135916691818,TRUE,FALSE
"G1782",-0.2533353660474,0.188107778701338,0.425742355134507,0.771272382490049,FALSE,FALSE
"G1366",0.585413441310793,-0.158747815993933,0.426348704031487,0.771671862500428,FALSE,FALSE
"G0098",1.06388115448751,0.0922063387070216,0.431096902143688,0.77461824135862,TRUE,FALSE
"G0215",1.26514414014377,0.0509661180501282,0.431016998046387,0.77461824135862,TRUE,FALSE
"G0225",0.528971600668833,0.163605662948515,0.429055407346346,0.77461824135862,TRUE,FALSE
"G0316",-0.297577328151777,0.183473517928129,0.430353553868768,0.77461824135862,FALSE,FALSE
"G0579",-0.253105087750424,-0.186710752350655,0.430910610481104,0.77461824135862,TRUE,FALSE
"G0834",1.41818435319827,0.00918014089695471,0.430943436638243,0.77461824135862,TRUE,FALSE
"G1537",-0.852429401883359,-0.125922729127115,0.429304320534413,0.77461824135862,TRUE,FALSE
"G1626",1.08003827895066,0.0891567893289873,0.431462360436751,0.77461824135862,TRUE,FALSE
"G1948",-1.4359328198026,-0.00393914341298975,0.430152996186427,0.77461824135862,TRUE,FALSE
"G1268",-0.154065040866368,0.193325017907417,0.432506185532596,0.775795848488962,FALSE,FALSE
"G1760",0.374295569153928,-0.17621144807391,0.434081844256765,0.777924452073055,FALSE,FALSE
"G1175",-1.36611264523146,-0.0227738124721335,0.434600561173484,0.778156779182604,TRUE,FALSE
"G0719",-0.756206935872664,-0.136539299738368,0.435217411293461,0.778564242027659,TRUE,FALSE
"G1528",1.29865429816607,0.0397364315404493,0.437054753803467,0.781152374983856,TRUE,FALSE
"G0421",0.979056118294658,-0.103519348992574,0.439060586495555,0.782951370560337,FALSE,FALSE
"G0929",-0.760004886262192,0.134584765602589,0.439715761597463,0.782951370560337,FALSE,FALSE
"G1045",-1.20699657864546,0.0601557758017869,0.439850510753263,0.782951370560337,FALSE,FALSE
"G1479",0.0730407602207416,0.196974278068784,0.438751722075007,0.782951370560337,TRUE,FALSE
"G1495",1.21660013338776,0.0579395960192358,0.44001867025491,0.782951370560337,TRUE,FALSE
"G0139",1.36630860884751,0.0185036563593169,0.442179911308682,0.783344182995962,TRUE,FALSE
"G0984",-1.40604463352557,0.00619749498947588,0.442395451329738,0.783344182995962,FALSE,FALSE
"G1472",-0.796143609129133,0.128976032210638,0.442589463392719,0.783344182995962,FALSE,FALSE
"G1475",0.167346098880432,-0.189839066397937,0.442209667212233,0.783344182995962,FALSE,FALSE
"G1560",-0.10782194203835,0.19412937172732,0.44111902449056,0.783344182995962,FALSE,FALSE
"G1662",1.129640049496,-0.0751686650970238,0.442550327923596,0.783344182995962,FALSE,FALSE
"G0607",0.300944402209543,-0.179630548814139,0.443336622591265,0.783972807411609,FALSE,FALSE
"G0445",-1.30410375743438,0.0342357562172255,0.445094138775851,0.785966706328089,FALSE,FALSE
"G1303",-0.653986924827893,-0.14539016090577,0.445577346942763,0.785966706328089,TRUE,FALSE
"G1512",-0.115384286877128,-0.192451114984157,0.445643122488026,0.785966706328089,TRUE,FALSE
"G0355",-1.20306775282719,0.0581821002341067,0.446109067378385,0.786095272913453,FALSE,FALSE
"G0439",1.37629502882361,0.0129817082403661,0.446668527630716,0.786388252870978,TRUE,FALSE
"G0161",-0.709363461552928,0.138040593055771,0.448328773285281,0.786804250910535,FALSE,FALSE
"G0425",1.32857637262015,0.025852528050137,0.448478423019005,0.786804250910535,TRUE,FALSE
"G1257",-0.399155728619728,-0.170126861846636,0.448054401131125,0.786804250910535,TRUE,FALSE
"G1977",1.16263285107803,0.066307300304813,0.447504932591389,0.786804250910535,TRUE,FALSE
"G0145",0.79517401827231,0.126371604004872,0.450765198028831,0.787993456378121,TRUE,FALSE
"G0350",-1.05965688786145,0.0850152812003065,0.451065117677651,0.787993456378121,FALSE,FALSE
"G0752",0.0114979858264514,-0.197169913983549,0.45270224068923,0.787993456378121,FALSE,FALSE
"G0846",1.02468122759902,0.0908477487621987,0.452165226739383,0.787993456378121,TRUE,FALSE
"G1022",-0.837404647022428,-0.120891940318803,0.449971454210027,0.787993456378121,TRUE,FALSE
"G1340",-0.765291306202586,0.129710678385994,0.452499852665121,0.787993456378121,FALSE,FALSE
"G1371",-0.560879083583482,-0.153619979065908,0.451715688482062,0.787993456378121,TRUE,FALSE
"G1851",0.531782683283305,-0.156356472053325,0.452520961356794,0.787993456378121,FALSE,FALSE
"G1928",0.175949524373234,-0.186697669036132,0.451811203547401,0.787993456378121,FALSE,FALSE
"G1438",-0.0764333945495275,0.192761875811341,0.454215044949362,0.789939208607586,FALSE,FALSE
"G0462",0.583075843370735,-0.149960172182907,0.456126190091856,0.791198942050054,FALSE,FALSE
"G0755",0.612302560110158,-0.146848190497231,0.45594670120602,0.791198942050054,FALSE,FALSE
"G1770",-1.0681926536196,-0.0814605270829398,0.456005361290274,0.791198942050054,TRUE,FALSE
"G0744",0.788908757307724,-0.124912400158534,0.457650574502133,0.793155241771461,FALSE,FALSE
"G0322",0.7347232445509,0.131603437350068,0.45864088015534,0.793496332448685,TRUE,FALSE
"G0885",0.142527896359,-0.187314574157627,0.458324458124204,0.793496332448685,FALSE,FALSE
"G0399",0.0999033761579581,-0.189485662236525,0.461015284557877,0.794575164086084,FALSE,FALSE
"G0979",0.559151500570031,-0.151373582675093,0.459843228220807,0.794575164086084,FALSE,FALSE
"G1856",-1.26324582458704,0.0369224621455348,0.460784912002567,0.794575164086084,FALSE,FALSE
"G1982",-0.212808995894539,0.181539021797388,0.461250882751972,0.794575164086084,FALSE,FALSE
"G1989",-0.370584497674043,-0.169103423420775,0.460584042252367,0.794575164086084,TRUE,FALSE
"G0895",0.151278171838043,-0.185765905278576,0.461944243596052,0.795084756619711,FALSE,FALSE
"G1122",-0.354708314346325,-0.169591750496598,0.463740410107077,0.797489957191879,TRUE,FALSE
"G0089",0.666763771442479,0.137577315296761,0.46589683649441,0.797989303883164,TRUE,FALSE
"G0235",-1.08272281091707,-0.0750355428573974,0.465047189674548,0.797989303883164,TRUE,FALSE
"G0330",-0.854010002564265,-0.112754768866094,0.466791649399621,0.797989303883164,TRUE,FALSE
"G0561",0.237661491971588,-0.178088027252055,0.467222737423593,0.797989303883164,FALSE,FALSE
"G0679",1.20703160102077,0.0477856081401407,0.466802362613755,0.797989303883164,TRUE,FALSE
"G1242",0.842375303778161,-0.114401332832669,0.466891628416183,0.797989303883164,FALSE,FALSE
"G1504",1.0274170786444,-0.0850180494281717,0.465924977178608,0.797989303883164,FALSE,FALSE
"G1904",-1.33525786575587,-0.0147567626470267,0.465457493056744,0.797989303883164,TRUE,FALSE
"G0155",-0.237915527670336,-0.177506322552721,0.469335595648069,0.799733032366095,TRUE,FALSE
"G0596",-1.05037412306876,-0.079421486324628,0.469446944810407,0.799733032366095,TRUE,FALSE
"G0742",0.975845008963832,-0.0924676300926916,0.470015989504077,0.799733032366095,FALSE,FALSE
"G1294",1.28881808340777,-0.026027194864749,0.469041240894,0.799733032366095,FALSE,FALSE
"G1839",-1.14736073872033,-0.0596497062940073,0.470243023031264,0.799733032366095,TRUE,FALSE
"G0030",0.527540097063652,-0.150289716797127,0.474616248473776,0.803322829546976,FALSE,FALSE
"G0053",-1.01046508600421,0.084173105971474,0.475968776506583,0.803322829546976,FALSE,FALSE
"G0106",0.404871009439746,0.162384584119049,0.473789724476934,0.803322829546976,TRUE,FALSE
"G0382",-1.22010109142514,0.0408171476232789,0.474996841872348,0.803322829546976,FALSE,FALSE
"G0731",1.29851496357034,0.0213205293072181,0.472934410617674,0.803322829546976,TRUE,FALSE
"G0746",-0.0273943930429063,-0.190382855628025,0.475735957833114,0.803322829546976,TRUE,FALSE
"G1378",-1.21103244229254,0.0427715938622078,0.475521565420719,0.803322829546976,FALSE,FALSE
"G1439",1.12304950909888,-0.0623625631146481,0.475943148005379,0.803322829546976,FALSE,FALSE
"G1592",-0.963884516039117,0.0927123750558623,0.474777005643582,0.803322829546976,FALSE,FALSE
"G0126",-1.2589213509611,-0.0293243015791207,0.478347993992635,0.806657662719453,TRUE,FALSE
"G0264",-0.718900602222104,-0.127022924067184,0.479136234474748,0.807306208045068,TRUE,FALSE
"G1255",-1.29636955777937,-0.0184396814215254,0.47955412451186,0.807330175945892,TRUE,FALSE
"G0499",-1.24369760877461,0.0316554427128497,0.481678353795216,0.808805822601506,FALSE,FALSE
"G0569",1.05016883215485,-0.0748647027841001,0.480989656407548,0.808805822601506,FALSE,FALSE
"G1773",0.354411230562417,0.164708304470058,0.481574793167094,0.808805822601506,TRUE,FALSE
"G1930",-1.16894944176609,-0.0496491104657779,0.482048270270498,0.808805822601506,TRUE,FALSE
"G0850",0.452035606317074,0.155471384412786,0.482697071930069,0.809215543889471,TRUE,FALSE
"G0939",0.887190933493354,-0.102049038376498,0.483214121945452,0.809403889355865,FALSE,FALSE
"G0166",-1.27561870316385,0.0212642429516498,0.485315020140306,0.809532977715272,FALSE,FALSE
"G0325",0.346905269277825,-0.16455978005876,0.484493734083417,0.809532977715272,FALSE,FALSE
"G1524",0.121877368482829,-0.181829965287248,0.485055078448909,0.809532977715272,FALSE,FALSE
"G1689",-0.730869789022716,0.12384446467875,0.484270694095784,0.809532977715272,FALSE,FALSE
"G1721",0.23254089109578,0.17378759966468,0.484929779857288,0.809532977715272,TRUE,FALSE
"G0431",-0.55051340508595,-0.144133733240598,0.487366719365025,0.810179418477646,TRUE,FALSE
"G0446",-1.29117343884522,-0.0162576580669355,0.486489079737282,0.810179418477646,TRUE,FALSE
"G0725",-0.400515673917362,0.15891230744915,0.487661733319928,0.810179418477646,FALSE,FALSE
"G0799",1.0761196360479,-0.0670708533337898,0.48771354709056,0.810179418477646,FALSE,FALSE
"G1239",-0.917442005441945,0.0956455970930989,0.487728009923543,0.810179418477646,FALSE,FALSE
"G0057",1.21288937082924,0.0355470824634672,0.489843376366101,0.811167594158437,TRUE,FALSE
"G0889",0.805437291322411,0.111869901651332,0.489946514355934,0.811167594158437,TRUE,FALSE
"G0934",-0.908491216197208,0.096268693534105,0.490016623948449,0.811167594158437,FALSE,FALSE
"G1083",0.609180470956189,0.1366337996496,0.490756394465855,0.811167594158437,TRUE,FALSE
"G1727",-0.158000365979318,-0.177908691024289,0.490414205452442,0.811167594158437,TRUE,FALSE
"G1895",0.501722988799783,-0.148634550291958,0.489403695598137,0.811167594158437,FALSE,FALSE
"G0002",1.11193184503695,0.0579913092099324,0.491732751435305,0.811440183886642,TRUE,FALSE
"G0594",1.20637269384613,-0.0364262957488466,0.491412012208642,0.811440183886642,FALSE,FALSE
"G1016",1.29127203757818,-0.0127197956924709,0.493083869611592,0.812998960612683,FALSE,FALSE
"G0291",1.11427873521406,-0.0560202516135871,0.495174143961049,0.814440697815832,FALSE,FALSE
"G0958",0.704206505549981,0.12392531274569,0.494760090882042,0.814440697815832,TRUE,FALSE
"G1798",1.27484242433872,0.0161432242768955,0.495587164620934,0.814440697815832,TRUE,FALSE
"G1823",0.790833341491719,-0.112134407991844,0.495343820469872,0.814440697815832,FALSE,FALSE
"G0817",0.113494845099203,0.179583701409899,0.496124907757207,0.814655020947795,TRUE,FALSE
"G1738",-1.15866793862079,0.0454514573944386,0.496659116879475,0.814863194223913,FALSE,FALSE
"G1544",0.647961974876367,0.129935823386729,0.497811867769073,0.816085029129627,TRUE,FALSE
"G0359",0.229212041805047,0.170528787873396,0.498296533261099,0.816210537692218,TRUE,FALSE
"G0866",0.863402869273734,-0.100082300348298,0.499338262184038,0.816641697050629,FALSE,FALSE
"G1519",-1.14900188882747,0.0464655832312916,0.49937639774646,0.816641697050629,FALSE,FALSE
"G0783",-0.524540013110409,0.143201346093493,0.499983013390666,0.816965708154683,FALSE,FALSE
"G0527",0.0917240415455821,0.179629818787145,0.501830895624404,0.819315747958211,TRUE,FALSE
"G0503",0.893581214441206,-0.0935488213298872,0.504370085748142,0.820781262405438,FALSE,FALSE
"G0504",-0.941009737811872,-0.0858915787804147,0.503730256780349,0.820781262405438,TRUE,FALSE
"G0969",-0.502991094870725,0.144521670365046,0.503211079877097,0.820781262405438,FALSE,FALSE
"G1816",-0.547328149032133,-0.139516287416774,0.504235116997146,0.820781262405438,TRUE,FALSE
"G1206",1.29919883255821,0.00394255782097087,0.504849718658928,0.820893851477932,TRUE,FALSE
"G0517",-0.188318654237954,0.171756918950398,0.505597398323528,0.821441751947243,FALSE,FALSE
"G1792",-0.304085271963615,0.162279132709688,0.506472117312254,0.82215891264083,FALSE,FALSE
"G1937",0.458309895141006,-0.148013563900915,0.506860969643072,0.82215891264083,FALSE,FALSE
"G0497",-0.392264620281621,0.153692625446441,0.509258246142046,0.824766675033889,FALSE,FALSE
"G0766",-0.234161102635821,-0.167257500749229,0.509293421833427,0.824766675033889,TRUE,FALSE
"G0641",0.95527736854135,-0.0805033682011974,0.51155928787186,0.8257615623436,FALSE,FALSE
"G0945",-1.1835591542214,0.0327282385520978,0.511302182446928,0.8257615623436,FALSE,FALSE
"G1134",-0.413891554934754,0.151219417493509,0.510837647971777,0.8257615623436,FALSE,FALSE
"G1396",1.12718846777638,0.0465712570846945,0.510394048449709,0.8257615623436,TRUE,FALSE
"G0250",-1.28862710359708,0.00244645771929695,0.513474970116066,0.825981664896465,FALSE,FALSE
"G0377",1.11436266207131,0.0483306361164261,0.512982261601667,0.825981664896465,TRUE,FALSE
"G0543",-0.292085414891579,-0.161335744603486,0.513799401325785,0.825981664896465,TRUE,FALSE
"G0654",-1.10120936078499,0.0515413785351538,0.512280310579885,0.825981664896465,FALSE,FALSE
"G0722",0.74195815930761,0.112602380601055,0.514586577230497,0.825981664896465,TRUE,FALSE
"G1285",-0.11339892170305,-0.17500302475423,0.514213415572415,0.825981664896465,TRUE,FALSE
"G1827",-0.17023434635851,0.171219891889304,0.512928262485404,0.825981664896465,FALSE,FALSE
"G1071",1.24794637649306,0.0133464855424794,0.515711988097019,0.827124279225372,TRUE,FALSE
"G0986",0.686145924102054,-0.119171576223097,0.517181806675581,0.828153413411659,FALSE,FALSE
"G1802",-0.0844394715433643,0.17631909900153,0.516962477235474,0.828153413411659,FALSE,FALSE
"G0917",-0.925231266230656,-0.0832069857293938,0.518420811547004,0.829473298475206,TRUE,FALSE
"G0019",-1.09729850119228,-0.0484280938175194,0.521554180263293,0.830653251882577,TRUE,FALSE
"G0206",0.907444407728329,-0.0851235157659292,0.521484602506011,0.830653251882577,FALSE,FALSE
"G0337",-1.1636466116897,-0.0326858313623009,0.522003859903982,0.830653251882577,TRUE,FALSE
"G0398",0.796422813520926,-0.102637416121067,0.521417441476666,0.830653251882577,FALSE,FALSE
"G0700",-0.851220441380158,-0.0941617999814944,0.52183658947301,0.830653251882577,TRUE,FALSE
"G0831",-0.892895523657041,0.0873495295408709,0.522065568808199,0.830653251882577,FALSE,FALSE
"G1326",-0.849229429807808,-0.094853304305397,0.520744295517394,0.830653251882577,TRUE,FALSE
"G0288",1.14592817832429,-0.0360994745877074,0.524005945251631,0.832437951569183,FALSE,FALSE
"G1669",-1.18533025202735,0.026241980397008,0.524019690512801,0.832437951569183,FALSE,FALSE
"G0559",-0.989837074939336,0.0689820390546414,0.5251923186139,0.833454026906973,FALSE,FALSE
"G1335",-0.258461577152228,0.161043380234706,0.525492763964847,0.833454026906973,FALSE,FALSE
"G1871",1.1866645559439,0.024905501692351,0.52608093547133,0.833725729748542,TRUE,FALSE
"G0930",-1.22401321751577,-0.013761343920324,0.528133383746397,0.835654088206324,TRUE,FALSE
"G1402",0.995353828138999,0.0669195418721191,0.527783901999213,0.835654088206324,TRUE,FALSE
"G0070",0.163572122378624,0.167452452650669,0.52957769912387,0.837013816835734,TRUE,FALSE
"G0169",-1.20831778388061,-0.0170645553238255,0.530248252965438,0.837013816835734,TRUE,FALSE
"G1208",-0.638048333690776,0.121216766619,0.530161446000905,0.837013816835734,FALSE,FALSE
"G1975",-0.307339225196746,-0.155453361707036,0.530950978799018,0.837462111670375,TRUE,FALSE
"G1111",-0.584027988054509,-0.127159670433344,0.532011183425735,0.838473102325824,TRUE,FALSE
"G0207",-0.195988198884024,-0.163163463589308,0.536614351332413,0.838693170767145,TRUE,FALSE
"G0209",0.725043170475101,0.107724277630941,0.53690094395723,0.838693170767145,TRUE,FALSE
"G0318",1.15647857993652,-0.0290236733722361,0.533713063487596,0.838693170767145,FALSE,FALSE
"G0320",1.08676877525818,-0.0434636034388025,0.538558512548099,0.838693170767145,FALSE,FALSE
"G0380",-0.157981738669148,-0.166318893394085,0.535664699493393,0.838693170767145,TRUE,FALSE
"G0645",0.998960894793609,0.0638332297352235,0.533877884678643,0.838693170767145,TRUE,FALSE
"G0662",-0.211322559368946,0.162009265048193,0.536406191616481,0.838693170767145,FALSE,FALSE
"G0768",0.653970890565347,-0.11639492438223,0.539317283974383,0.838693170767145,FALSE,FALSE
"G0801",0.714085544432429,-0.109214794883812,0.536940020740184,0.838693170767145,FALSE,FALSE
"G0871",-0.431078672978459,0.142422724726991,0.536398344495108,0.838693170767145,FALSE,FALSE
"G1148",0.522128473389211,-0.131929203284574,0.539699055388658,0.838693170767145,FALSE,FALSE
"G1214",-0.234297029397194,0.160227121765453,0.536162530125233,0.838693170767145,FALSE,FALSE
"G1256",-0.424657090715449,-0.142241529101846,0.539339449202418,0.838693170767145,TRUE,FALSE
"G1397",0.934729923663099,0.0740876835937838,0.538585328447903,0.838693170767145,TRUE,FALSE
"G1459",0.190233485411363,-0.163904545225617,0.535476945400788,0.838693170767145,FALSE,FALSE
"G1551",0.657414520091774,-0.116930636940194,0.536169193054979,0.838693170767145,FALSE,FALSE
"G1628",0.384220243825296,-0.146281625354944,0.538955791107703,0.838693170767145,FALSE,FALSE
"G1650",1.17489290477857,-0.0214844252734313,0.539595411459625,0.838693170767145,FALSE,FALSE
"G0125",1.24548917675143,-0.000663028166838543,0.541094978732526,0.838906943771358,FALSE,FALSE
"G0307",-0.92241065744061,0.075399021350453,0.540994409293085,0.838906943771358,FALSE,FALSE
"G1186",0.750271673481492,0.102937912225925,0.540727650047281,0.838906943771358,TRUE,FALSE
"G0459",0.667170446299684,-0.113492217142063,0.543183199801531,0.84019056427151,FALSE,FALSE
"G1316",0.263341483514055,-0.156071920620718,0.542849786231977,0.84019056427151,FALSE,FALSE
"G1412",-0.721035051201547,-0.106328388081613,0.542960873068532,0.84019056427151,TRUE,FALSE
"G0296",-0.05400259559406,0.17159768162571,0.544251928137127,0.841111332776419,FALSE,FALSE
"G0451",-0.658545055017142,-0.114163433742108,0.544619587972731,0.841111332776419,TRUE,FALSE
"G0675",-0.73305227365599,0.103910792878819,0.545246197046914,0.841294190726446,FALSE,FALSE
"G0809",-0.524007512771118,-0.130012759698342,0.5455792826861,0.841294190726446,TRUE,FALSE
"G0168",-0.406815143442807,0.1418415386925,0.547132748479542,0.842483065677665,FALSE,FALSE
"G0507",0.891767594965122,0.0781805228021625,0.548074910018262,0.842483065677665,TRUE,FALSE
"G0573",0.357993071026488,0.14626652229809,0.548077170724826,0.842483065677665,TRUE,FALSE
"G1194",-0.9331768198576,0.0708869358571119,0.547903208238191,0.842483065677665,FALSE,FALSE
"G1616",0.541586767943068,-0.127193406057223,0.54845647575616,0.842483065677665,FALSE,FALSE
"G1730",-1.1460935637241,0.0243770369331044,0.549258924420655,0.84306818790584,FALSE,FALSE
"G1093",-1.21652631223445,-0.00462621628532706,0.55003066727787,0.843605317910844,TRUE,FALSE
"G0575",-0.906688834876339,-0.0745740639379173,0.550807585440066,0.844149556229986,TRUE,FALSE
"G1090",-0.654785608807158,-0.112417929227108,0.55180546498765,0.844384797226702,TRUE,FALSE
"G1502",-0.678040681614833,-0.109394551298865,0.551690544800844,0.844384797226702,TRUE,FALSE
"G0213",0.196011733697651,0.159051504890133,0.552576568086385,0.844918299826276,TRUE,FALSE
"G0112",0.705945571302218,0.105146099529558,0.553150350096858,0.845149503585727,TRUE,FALSE
"G1286",-1.03659361554291,0.0478200544098394,0.554408956320254,0.846425887511838,FALSE,FALSE
"G0102",-1.13275941105242,0.0245837087936376,0.556089612141742,0.846881108156761,FALSE,FALSE
"G0160",-0.62232641822747,-0.11508549955569,0.55661353706899,0.846881108156761,TRUE,FALSE
"G1100",-1.20911412955621,-0.00326675341782252,0.556824328613071,0.846881108156761,TRUE,FALSE
"G1720",0.960735559683086,0.0623770657989239,0.556670983378666,0.846881108156761,TRUE,FALSE
"G1757",0.610596484512071,-0.116674600039377,0.556210328979257,0.846881108156761,FALSE,FALSE
"G0231",-0.296271891430325,-0.149055743053476,0.558617314377864,0.84839156542738,TRUE,FALSE
"G0303",-0.959776483661365,0.0617408387106574,0.558796018570477,0.84839156542738,FALSE,FALSE
"G1516",0.953509388776604,0.0627956606905295,0.55919152181792,0.84839156542738,TRUE,FALSE
"G1553",0.745678675692384,-0.0974420380604732,0.559514237399357,0.84839156542738,FALSE,FALSE
"G1405",0.560048682854967,-0.121286530560098,0.561232235412884,0.850351871837703,FALSE,FALSE
"G0807",-1.19574019582924,0.00467461181490802,0.561689454922983,0.850400385954553,FALSE,FALSE
"G0522",0.359299701900462,-0.141563249975215,0.564919933984469,0.850794425225175,FALSE,FALSE
"G0705",-1.08247997639693,0.0324586570884524,0.565992571388711,0.850794425225175,FALSE,FALSE
"G0867",1.07470746145087,0.0350246476074214,0.564337655372073,0.850794425225175,TRUE,FALSE
"G1182",0.888700057764328,-0.0728374521955895,0.564239465434425,0.850794425225175,FALSE,FALSE
"G1290",-0.4414386682088,-0.133168453526562,0.56565682269963,0.850794425225175,TRUE,FALSE
"G1441",-0.827861327186223,-0.0832274998340545,0.564057813690836,0.850794425225175,TRUE,FALSE
"G1566",-0.56133651080322,-0.120532141377592,0.563261507841277,0.850794425225175,TRUE,FALSE
"G1622",0.910053367012874,0.0688810622158103,0.564579182159477,0.850794425225175,TRUE,FALSE
"G1705",-1.16962858408659,-0.0104279022629166,0.565058726521236,0.850794425225175,TRUE,FALSE
"G1781",0.218282970836713,-0.153713270716685,0.566272964470825,0.850794425225175,FALSE,FALSE
"G1811",0.718274506554942,0.099076382308617,0.566629087199967,0.850794425225175,TRUE,FALSE
"G0227",-0.705771414843546,-0.100511976840597,0.567671551183597,0.851081785882454,TRUE,FALSE
"G0379",0.932925053950374,-0.063481867224011,0.567648876757651,0.851081785882454,FALSE,FALSE
"G0501",0.850043471893941,0.0780899517348169,0.568200199997872,0.85123625467846,TRUE,FALSE
"G0110",0.576085600512206,0.116013697531041,0.572465792972473,0.851629562636907,TRUE,FALSE
"G0188",-0.261264878093957,-0.148353514319535,0.572884252136215,0.851629562636907,TRUE,FALSE
"G0671",-0.565153517298012,-0.117134618274855,0.573146695654639,0.851629562636907,TRUE,FALSE
"G0770",0.309423132913911,-0.144757347996564,0.570307692980634,0.851629562636907,FALSE,FALSE
"G0832",-0.654514621220146,-0.106681136130913,0.570334495451213,0.851629562636907,TRUE,FALSE
"G0931",1.00236665253138,-0.0474767059265596,0.57299315350107,0.851629562636907,FALSE,FALSE
"G1023",-0.715752615389938,-0.0976310839160591,0.57219923191915,0.851629562636907,TRUE,FALSE
"G1183",-1.06500611114445,0.0341149208227711,0.571599585957742,0.851629562636907,FALSE,FALSE
"G1231",0.780408474277473,-0.0880792480794356,0.571912153658959,0.851629562636907,FALSE,FALSE
"G1282",0.719141732450454,0.098046114479373,0.569422831151763,0.851629562636907,TRUE,FALSE
"G1446",1.07621614442482,-0.0322016918267098,0.569936778996533,0.851629562636907,FALSE,FALSE
"G1583",0.877615253170725,0.0713106752077256,0.573795560177686,0.851960742654321,TRUE,FALSE
"G1062",-0.334528577849582,0.141377235249285,0.574252012722027,0.852005953593512,FALSE,FALSE
"G1259",0.680677864359805,-0.101710638743308,0.57485945614024,0.852274953506656,FALSE,FALSE
"G0394",0.833041088710478,-0.0781985284777401,0.575968538444471,0.85259428570568,FALSE,FALSE
"G0468",0.950712693584276,-0.0567904465677508,0.576111665812133,0.85259428570568,FALSE,FALSE
"G1767",-0.979931898565523,0.0508055222566816,0.57635373713704,0.85259428570568,FALSE,FALSE
"G0542",-0.158299577145634,0.155611885679476,0.577634395848793,0.853226581755971,FALSE,FALSE
"G1670",-0.175584394647378,-0.154288642956857,0.577471433526719,0.853226581755971,TRUE,FALSE
"G0372",-0.282706437731961,0.145036795563566,0.578300361640818,0.853579869580543,FALSE,FALSE
"G0640",-1.10219974998749,0.0213597576756302,0.579749472389879,0.853828383490249,FALSE,FALSE
"G1469",0.900741759575452,-0.0650669472632933,0.57939519579438,0.853828383490249,FALSE,FALSE
"G1487",1.01496869830099,-0.0420326657348703,0.579596603452633,0.853828383490249,FALSE,FALSE
"G0263",-0.928557924611241,-0.0579559687594933,0.584285408113706,0.854843318381428,TRUE,FALSE
"G0634",-1.11721761151088,0.0158854477798549,0.583099500097683,0.854843318381428,FALSE,FALSE
"G0653",-0.220566611180815,-0.149061987397532,0.583467232504295,0.854843318381428,TRUE,FALSE
"G0670",0.714657846323989,-0.0944479118984315,0.582475026592609,0.854843318381428,FALSE,FALSE
"G0918",-0.11157129294476,-0.157732027660175,0.583402562459227,0.854843318381428,TRUE,FALSE
"G1177",-0.976309021479906,0.0492059597742187,0.582203657045766,0.854843318381428,FALSE,FALSE
"G1280",0.642884936877863,-0.103995560844419,0.583892194554048,0.854843318381428,FALSE,FALSE
"G1320",0.952305694430701,-0.0535959988079231,0.583466522199625,0.854843318381428,FALSE,FALSE
"G2000",-1.07777603746419,0.0257370395257273,0.583547687360292,0.854843318381428,FALSE,FALSE
"G0017",-0.591428470216157,-0.110189073843872,0.585464889555522,0.855942820987605,TRUE,FALSE
"G1302",0.205749057657957,0.14963499319904,0.586028421897708,0.856140864715424,TRUE,FALSE
"G0502",-0.925312995099251,0.0566342877171669,0.589354880896362,0.858629447729966,FALSE,FALSE
"G0555",0.801572503702334,0.07854066077562,0.589879143511926,0.858629447729966,TRUE,FALSE
"G0743",0.14835029328322,0.153662804166989,0.588358602505938,0.858629447729966,TRUE,FALSE
"G0764",0.213826202698897,-0.148101042554637,0.589348167193007,0.858629447729966,FALSE,FALSE
"G0999",1.00423302095334,-0.039709631484972,0.590805540726854,0.858629447729966,FALSE,FALSE
"G1030",0.768734962012234,-0.0833278335459131,0.591308550915475,0.858629447729966,FALSE,FALSE
"G1146",-1.15143250208533,0.00223191260914466,0.591595689485947,0.858629447729966,FALSE,FALSE
"G1613",0.983996778132203,-0.0443942455007149,0.590086881861106,0.858629447729966,FALSE,FALSE
"G1940",-1.08650836185774,-0.0201034397598398,0.591087772774544,0.858629447729966,TRUE,FALSE
"G1181",-0.377664266101451,-0.1320995870872,0.592920246702168,0.859927841482478,TRUE,FALSE
"G0274",-0.977741945262675,-0.0436693623859281,0.595122713943716,0.860625761306892,TRUE,FALSE
"G0779",-1.01303201429879,0.0360384935424155,0.594858403132801,0.860625761306892,FALSE,FALSE
"G1873",-0.505839168284978,-0.117689086428374,0.59500918255866,0.860625761306892,TRUE,FALSE
"G1918",0.71355060508576,-0.0908649393571102,0.593931410164467,0.860625761306892,FALSE,FALSE
"G0541",0.587642933342248,0.107228145232241,0.596773850436869,0.860893954976083,TRUE,FALSE
"G0811",-0.0716744876824941,-0.157529694789585,0.595996409870444,0.860893954976083,TRUE,FALSE
"G1070",0.774733935719587,-0.080422295167183,0.597029957775914,0.860893954976083,FALSE,FALSE
"G1885",-0.937594986366264,-0.0514440140645315,0.596453874760238,0.860893954976083,TRUE,FALSE
"G1000",-0.311973356192691,-0.136996954506443,0.598365687893705,0.861603637619979,TRUE,FALSE
"G1040",1.04310383332729,0.0275200990355008,0.598383726327075,0.861603637619979,TRUE,FALSE
"G1647",1.12497562439205,-0.00599399698991117,0.599107983608672,0.86202587569593,FALSE,FALSE
"G0338",0.760177665022408,-0.0816753567576705,0.60014121589802,0.862325406478152,FALSE,FALSE
"G1075",-0.658591540594635,0.0967226514724387,0.600178482908794,0.862325406478152,FALSE,FALSE
"G0735",0.693211227960882,-0.0912827536055519,0.601776316168418,0.862712823886595,FALSE,FALSE
"G0758",-0.650555663503596,-0.0970793444011342,0.602566266266756,0.862712823886595,TRUE,FALSE
"G0881",-0.558500300160839,0.10953175332042,0.601256629682357,0.862712823886595,FALSE,FALSE
"G1133",-0.869095539586013,0.0623537648382475,0.602334943417041,0.862712823886595,FALSE,FALSE
"G1168",-0.288020655264367,0.138088947174366,0.602604907484787,0.862712823886595,FALSE,FALSE
"G0383",-0.708912991624368,0.0884850031612967,0.603269361977393,0.863046297535613,FALSE,FALSE
"G0940",1.06043676648591,-0.0194122665313726,0.606930649238475,0.866644971854203,FALSE,FALSE
"G1806",-1.04598767279121,0.0229383182275228,0.607084802783869,0.866644971854203,FALSE,FALSE
"G1892",0.681103030348739,-0.0913912039938281,0.60684928871009,0.866644971854203,FALSE,FALSE
"G0443",-0.329930487313703,0.132391259158104,0.609051797511191,0.868832806720672,FALSE,FALSE
"G0387",-0.630337173595477,-0.0972101337073741,0.610948051928525,0.870090832045785,TRUE,FALSE
"G0482",-0.44393142602891,0.119994568892559,0.611238809512164,0.870090832045785,FALSE,FALSE
"G1666",-0.622174860841636,-0.0983758872715195,0.610766306297223,0.870090832045785,TRUE,FALSE
"G1081",-0.209026756578789,-0.142678265094679,0.611775299165781,0.870235133948479,TRUE,FALSE
"G0051",0.0419987540872705,-0.155411437446322,0.613168017857649,0.870661628097854,FALSE,FALSE
"G0140",-0.684297394658662,-0.0888045545705185,0.613381116994938,0.870661628097854,TRUE,FALSE
"G1287",0.252591163499661,-0.138648229257314,0.612607123296541,0.870661628097854,FALSE,FALSE
"G0153",0.77190400974234,-0.0732996367079165,0.618982386265159,0.871668345695573,FALSE,FALSE
"G0180",-0.139221405117457,0.147165778544467,0.616723641288152,0.871668345695573,FALSE,FALSE
"G0221",-0.517199554781421,0.110522727304845,0.614817081300581,0.871668345695573,FALSE,FALSE
"G0246",-0.365131611733055,-0.127237487454801,0.615113691845118,0.871668345695573,TRUE,FALSE
"G0314",0.195880789394313,0.142468970895788,0.61687959247828,0.871668345695573,TRUE,FALSE
"G0349",-0.0895198771467189,-0.150711788510963,0.617973353723769,0.871668345695573,TRUE,FALSE
"G0695",-0.179589987560952,-0.143085655460006,0.619786097677342,0.871668345695573,TRUE,FALSE
"G0708",-0.120165257941563,0.147345715218082,0.621943007129518,0.871668345695573,FALSE,FALSE
"G1089",-0.245759575807179,0.138455201320481,0.615648023196217,0.871668345695573,FALSE,FALSE
"G1109",-0.891424766586292,0.0521926811973813,0.618036428933279,0.871668345695573,FALSE,FALSE
"G1139",-0.901023769016841,0.0500636463534321,0.618658337709776,0.871668345695573,FALSE,FALSE
"G1401",-0.374328923033932,-0.125952522244882,0.616364395813611,0.871668345695573,TRUE,FALSE
"G1420",-1.08533921211607,-0.0056161800584866,0.622229960932772,0.871668345695573,TRUE,FALSE
"G1457",-0.538986428161364,-0.105601949849152,0.622371198826639,0.871668345695573,TRUE,FALSE
"G1648",-0.310106452790176,-0.130946593937395,0.621424962278021,0.871668345695573,TRUE,FALSE
"G1750",-1.02532295695037,-0.022789885478874,0.618682753916618,0.871668345695573,TRUE,FALSE
"G1753",-0.36312746219077,-0.126255410342441,0.619399942703618,0.871668345695573,TRUE,FALSE
"G1866",0.232314845586316,0.138103546874448,0.621509815090443,0.871668345695573,TRUE,FALSE
"G1945",1.05126310270962,-0.0151558899197367,0.621213667864405,0.871668345695573,FALSE,FALSE
"G0537",-0.224858996653821,0.138115111088278,0.623965604441639,0.873289859260516,FALSE,FALSE
"G1844",-0.597890122244491,0.096507106645704,0.627206284884971,0.877211587251707,FALSE,FALSE
"G1264",0.806987101038061,-0.0635625102592638,0.629545283133778,0.879867621430857,FALSE,FALSE
"G0912",-0.354012804948049,-0.123915426004969,0.631200345894163,0.880949540675733,TRUE,FALSE
"G1309",-0.294465386532543,-0.129893008580002,0.630851993781091,0.880949540675733,TRUE,FALSE
"G0787",-0.667828863981452,0.0850849122930071,0.632172818848798,0.881077099440834,FALSE,FALSE
"G1192",1.001540094408,0.0226532221039655,0.631918169353523,0.881077099440834,TRUE,FALSE
"G1803",0.756329418893765,-0.0711218471318227,0.632618488022041,0.881084245156046,FALSE,FALSE
"G0467",-0.827253044046263,-0.0582320621663693,0.634163131097207,0.881394205833505,TRUE,FALSE
"G0669",0.79070996473063,-0.0648966977598994,0.633747498445213,0.881394205833505,FALSE,FALSE
"G1799",1.00698981067853,0.0206226769494811,0.633516083200882,0.881394205833505,TRUE,FALSE
"G0162",0.871445414408745,0.0493790978909482,0.635462068397705,0.882586206107924,TRUE,FALSE
"G0306",0.225285799791068,-0.13453433660412,0.637398937801165,0.882824013575021,FALSE,FALSE
"G0393",0.0932994364677102,0.145577869465454,0.637183114255155,0.882824013575021,TRUE,FALSE
"G1415",0.0273187797098661,0.150465045206936,0.63738150438498,0.882824013575021,TRUE,FALSE
"G1485",0.814576969918441,0.059629911607434,0.636619106862848,0.882824013575021,TRUE,FALSE
"G0328",-0.827733030814888,0.0562752296560638,0.63919502462282,0.882956601474942,FALSE,FALSE
"G0493",-0.38808827747742,-0.118188202070503,0.638943233963355,0.882956601474942,TRUE,FALSE
"G0747",-0.877074958800242,-0.0471463485435312,0.638357833576511,0.882956601474942,TRUE,FALSE
"G0854",0.840518928246033,-0.0538663717633025,0.639260579467858,0.882956601474942,FALSE,FALSE
"G0175",0.988091827811358,-0.021852973189326,0.641016019235047,0.884160026531099,FALSE,FALSE
"G0278",0.624332983926657,-0.0885677344728317,0.640794358485078,0.884160026531099,FALSE,FALSE
"G0529",-0.461962363699386,-0.109015010564583,0.642135714045161,0.885094023494364,TRUE,FALSE
"G0127",-0.215384481428024,-0.13350700128765,0.64462033354688,0.887394840250768,TRUE,FALSE
"G0570",-0.312114840650401,-0.124039074531999,0.646023443702559,0.887394840250768,TRUE,FALSE
"G1099",0.0311844918990805,-0.148044573342539,0.645976678363023,0.887394840250768,FALSE,FALSE
"G1128",0.657889402027386,0.0823649209205636,0.644941644779188,0.887394840250768,TRUE,FALSE
"G1955",-0.133698950688569,-0.140275716985496,0.645369974345246,0.887394840250768,TRUE,FALSE
"G0081",0.772086304393126,-0.0633876992891115,0.646957058599056,0.888067341934189,FALSE,FALSE
"G1017",-0.625104977916382,-0.0859442785775284,0.648606695229154,0.888173016193032,TRUE,FALSE
"G1667",-0.111508825976222,0.141505794555993,0.647556518198,0.888173016193032,FALSE,FALSE
"G1703",0.484965261176799,0.104310259730883,0.64881038832901,0.888173016193032,TRUE,FALSE
"G1990",-0.533668362189905,-0.098430769902392,0.648226465148294,0.888173016193032,TRUE,FALSE
"G0849",-0.892891710239735,-0.0390245635767897,0.650738317037531,0.890085106556011,TRUE,FALSE
"G1392",0.90496191831364,-0.0363370044632658,0.651097255445722,0.890085106556011,FALSE,FALSE
"G0928",0.0307402181073715,-0.146582526239208,0.651959768701335,0.890655421723135,FALSE,FALSE
"G0179",-0.981075755246316,0.0181606567610681,0.653112214449202,0.890746742549824,FALSE,FALSE
"G0280",-0.110825791428948,-0.139780496188428,0.654504355927665,0.890746742549824,TRUE,FALSE
"G0989",0.633238682895559,-0.0829133938836301,0.654325825060921,0.890746742549824,FALSE,FALSE
"G1136",-0.078989767510778,-0.142245768047222,0.654698855774121,0.890746742549824,TRUE,FALSE
"G1210",-0.604372355447083,0.0873614351640497,0.653333924513742,0.890746742549824,FALSE,FALSE
"G1422",0.471760499747085,0.104161228886737,0.654653045260644,0.890746742549824,TRUE,FALSE
"G1498",0.141560719859246,-0.136796585377051,0.656327790886149,0.891749715877921,FALSE,FALSE
"G1659",0.0175147907584673,-0.146541589003022,0.655995008623227,0.891749715877921,FALSE,FALSE
"G1399",-0.980732659819636,0.0163102549118155,0.657410227232702,0.892614022040329,FALSE,FALSE
"G0033",-0.789569450494829,0.055556204128333,0.659962542416141,0.893848378839221,FALSE,FALSE
"G0336",0.327991438408655,0.118466113397807,0.660372995556431,0.893848378839221,TRUE,FALSE
"G0933",0.94532133928423,-0.023189088353827,0.661000876151604,0.893848378839221,FALSE,FALSE
"G1279",0.420630659980623,0.108583766511299,0.659926914208673,0.893848378839221,TRUE,FALSE
"G1661",-0.100371462076069,0.139010756767431,0.660769585921552,0.893848378839221,FALSE,FALSE
"G1768",0.302427901281579,0.12095513301443,0.660718201461274,0.893848378839221,TRUE,FALSE
"G0776",-0.597222046871897,0.0857228443518001,0.661578139802592,0.894024513246746,FALSE,FALSE
"G0192",-0.421345128083654,0.107577293203435,0.663101671999732,0.89487405128169,FALSE,FALSE
"G0936",0.162938047526826,-0.133314526511836,0.662753296874754,0.89487405128169,FALSE,FALSE
"G0050",0.151856039545981,-0.133189793556421,0.666840420705014,0.898555223802802,FALSE,FALSE
"G0076",-0.958543527527119,0.0172814217002545,0.667285125190646,0.898555223802802,FALSE,FALSE
"G0720",-0.377955779724224,-0.111168159005605,0.667464704838314,0.898555223802802,TRUE,FALSE
"G0919",-0.965234425432678,-0.0154995619532956,0.667626531285482,0.898555223802802,TRUE,FALSE
"G0592",-0.855971209746084,-0.0395333443249285,0.66846261076992,0.899075468419529,TRUE,FALSE
"G0046",0.881277787776179,0.030560444879758,0.677460520219689,0.900279761089288,TRUE,FALSE
"G0257",0.607455555255871,0.0792559265798545,0.676976776052434,0.900279761089288,TRUE,FALSE
"G0262",-0.926404247679901,-0.023438686622253,0.670517593781821,0.900279761089288,TRUE,FALSE
"G0415",-0.351478853334928,-0.112309528900242,0.67349205564563,0.900279761089288,TRUE,FALSE
"G0646",-0.732515309013158,-0.0616934745527381,0.670684946688566,0.900279761089288,TRUE,FALSE
"G0805",-0.279532643245176,-0.12008678281002,0.672086903580412,0.900279761089288,TRUE,FALSE
"G0859",-0.568012815275937,0.085818172686999,0.673999692136517,0.900279761089288,FALSE,FALSE
"G0937",0.943208930634555,0.0179471151433286,0.674057222358342,0.900279761089288,TRUE,FALSE
"G1041",-0.303837521371803,0.116863393472606,0.67494641766505,0.900279761089288,FALSE,FALSE
"G1265",0.0645769808025886,0.138577956878084,0.673492690470332,0.900279761089288,TRUE,FALSE
"G1339",-0.894031164622487,0.0289697218884386,0.674613725726518,0.900279761089288,FALSE,FALSE
"G1455",0.658934712426914,0.0713670128790121,0.6773516719766,0.900279761089288,TRUE,FALSE
"G1562",0.310879061609049,-0.115587084993884,0.676940163655881,0.900279761089288,FALSE,FALSE
"G1710",-0.920596783051049,-0.0221416623039229,0.676598038296501,0.900279761089288,TRUE,FALSE
"G1749",-0.356786331598333,-0.111743892658173,0.673479485066759,0.900279761089288,TRUE,FALSE
"G1752",0.52975434323019,-0.0903240385532449,0.676102782539641,0.900279761089288,FALSE,FALSE
"G1874",0.578258264907816,0.0845538314423363,0.673501198175067,0.900279761089288,TRUE,FALSE
"G1942",0.313026312724249,-0.115933283474626,0.674919674455477,0.900279761089288,FALSE,FALSE
"G0384",-0.748679597841446,0.0557981450813325,0.679220207989976,0.900965373543121,FALSE,FALSE
"G0630",-0.0174584027383683,-0.140477210687099,0.680145723684561,0.900965373543121,TRUE,FALSE
"G1658",0.886581086697166,0.0280587164107256,0.680679339711828,0.900965373543121,TRUE,FALSE
"G1686",-0.482643607073649,-0.0951633894645897,0.680083480611912,0.900965373543121,TRUE,FALSE
"G1745",-0.0354586911279018,0.13908184585186,0.680304787030545,0.900965373543121,FALSE,FALSE
"G1987",0.716413833945887,0.0610851309031066,0.680048366263953,0.900965373543121,TRUE,FALSE
"G1617",0.780177978442764,0.0490091415360311,0.682094693875256,0.902241658565154,TRUE,FALSE
"G1513",-0.720370868825172,-0.0595050146878282,0.682579179497147,0.902285762719296,TRUE,FALSE
"G0556",0.486058896232458,0.0937424862598909,0.68331471243846,0.902661443115536,TRUE,FALSE
"G0405",-0.576404240243122,0.0811070584072295,0.684980932344907,0.903098436807218,FALSE,FALSE
"G0407",0.369910961287378,-0.106825387746962,0.685594470417045,0.903098436807218,FALSE,FALSE
"G0644",0.748115414290238,-0.0540003672540593,0.684384202498006,0.903098436807218,FALSE,FALSE
"G0904",0.139558702073078,0.129191171161044,0.686032236311686,0.903098436807218,TRUE,FALSE
"G1119",-0.682023897202607,-0.0642561580481308,0.687257910410293,0.903098436807218,TRUE,FALSE
"G1350",0.86936859651906,-0.0292989263360243,0.686678591500538,0.903098436807218,FALSE,FALSE
"G1565",-0.973634523452443,0.00433528572096573,0.687120629101094,0.903098436807218,FALSE,FALSE
"G1826",0.514992388265937,-0.0893700576850652,0.685373702904343,0.903098436807218,FALSE,FALSE
"G0159",-0.0336847760376347,0.137036312940471,0.688852825329591,0.903775607941137,FALSE,FALSE
"G1066",0.249116308442917,0.118359316831152,0.689128901055117,0.903775607941137,TRUE,FALSE
"G1808",-0.00168481801484885,0.139391509514011,0.689057101280076,0.903775607941137,FALSE,FALSE
"G1850",0.654689287997935,0.067721101992686,0.689936303163543,0.904241550673058,TRUE,FALSE
"G1731",0.231250102668602,0.119667662996615,0.690618831376443,0.904543328587351,TRUE,FALSE
"G0224",-0.0546843758381312,0.134387906839302,0.692818238050834,0.905053217571305,FALSE,FALSE
"G1232",-0.542142379532731,0.0834217358840212,0.692629586037488,0.905053217571305,FALSE,FALSE
"G1288",0.92254542259099,0.0148198696312491,0.692136928820262,0.905053217571305,TRUE,FALSE
"G1962",-0.169139109436975,0.124948756653313,0.692255699932385,0.905053217571305,FALSE,FALSE
"G0004",0.210731585072843,-0.120533753626165,0.694533025541916,0.905518938125053,FALSE,FALSE
"G1116",-0.271538029632115,0.114883927095143,0.693684042079537,0.905518938125053,FALSE,FALSE
"G1471",-0.071477095321626,-0.13270385155896,0.694170568957405,0.905518938125053,TRUE,FALSE
"G0109",-0.0485425545297223,-0.134217221211753,0.695345642679738,0.905753405330753,TRUE,FALSE
"G0994",-0.402055063696625,0.10022827307879,0.695618615294018,0.905753405330753,FALSE,FALSE
"G1833",0.303483261547269,-0.110914569917895,0.696200927371975,0.905921831323324,FALSE,FALSE
"G0236",0.847801407504121,-0.0272507513387662,0.702721876177988,0.90615848630188,FALSE,FALSE
"G0344",0.847295415715293,0.0269779828084704,0.70363206461341,0.90615848630188,TRUE,FALSE
"G0406",-0.914855840000763,-0.013389676287554,0.699419611564947,0.90615848630188,TRUE,FALSE
"G0454",0.247009323436638,-0.114794978170298,0.702711802769094,0.90615848630188,FALSE,FALSE
"G0461",-0.274880403443707,0.11343976181101,0.697636653207764,0.90615848630188,FALSE,FALSE
"G0539",0.0412185323166061,-0.132937742520822,0.702508911579216,0.90615848630188,FALSE,FALSE
"G0618",-0.80816446825925,-0.0352638684498789,0.703402442110205,0.90615848630188,TRUE,FALSE
"G0948",0.0457732244649357,0.132792614839775,0.70169059843829,0.90615848630188,TRUE,FALSE
"G1275",0.222627003401442,-0.117856016800064,0.700194064934581,0.90615848630188,FALSE,FALSE
"G1354",-0.102184702965795,0.128494204592275,0.700646102494541,0.90615848630188,FALSE,FALSE
"G1391",0.00991538247555104,0.135192656947181,0.703107282663301,0.90615848630188,TRUE,FALSE
"G1400",-0.67074502026203,0.0610841738611898,0.701498196398659,0.90615848630188,FALSE,FALSE
"G1709",-0.454736260732719,-0.0919210583577708,0.702052967903197,0.90615848630188,TRUE,FALSE
"G1813",0.717986146751108,0.0532146308758096,0.701005928535486,0.90615848630188,TRUE,FALSE
"G1880",-0.627499363967518,-0.0673005099799577,0.703552560966092,0.90615848630188,TRUE,FALSE
"G1889",0.497553692161246,-0.086510163926679,0.701779279298086,0.90615848630188,FALSE,FALSE
"G0035",0.877184841651799,-0.0199125732447214,0.704631250854799,0.906278136147652,FALSE,FALSE
"G1034",-0.0623005243988452,0.130813514929357,0.704251198867288,0.906278136147652,FALSE,FALSE
"G1580",-0.532123435283901,0.0807176385058034,0.705309642829645,0.906567664305456,FALSE,FALSE
"G1064",-0.421168211981295,-0.0946201588483007,0.706722359665118,0.907217406502076,TRUE,FALSE
"G1158",-0.862410305624267,-0.0223795387267867,0.706636556302846,0.907217406502076,TRUE,FALSE
"G0609",0.325471906278775,0.105151230527518,0.70813793843903,0.907869151844911,TRUE,FALSE
"G0812",-0.133144306285028,0.12397872012148,0.707688284904229,0.907869151844911,FALSE,FALSE
"G0993",0.467247395729231,-0.0882405755508711,0.708807902933873,0.908145935853778,FALSE,FALSE
"G0381",-0.681509514802608,0.0553528785497942,0.712428538372961,0.911627710960411,FALSE,FALSE
"G0813",-0.0880773843693027,-0.126550538388646,0.712437056115561,0.911627710960411,TRUE,FALSE
"G0613",0.517838261588457,0.0798669177306203,0.714013571836431,0.913060833550423,TRUE,FALSE
"G0845",0.931166309798506,-0.00220535256322219,0.714711971069917,0.913369931079766,FALSE,FALSE
"G1671",-0.521263765961333,0.0785262849893037,0.716680982189007,0.914811690886478,FALSE,FALSE
"G1805",0.707245954901412,-0.0492680460201921,0.716754959809556,0.914811690886478,FALSE,FALSE
"G0011",-0.540872744514261,0.0753426936471212,0.717984282816827,0.915198060080071,FALSE,FALSE
"G0395",-0.0849324781188742,0.124999696254306,0.719251044265102,0.915198060080071,FALSE,FALSE
"G0481",-0.589018101666963,0.0678011321036964,0.719345675222936,0.915198060080071,FALSE,FALSE
"G1167",0.929243486796702,-0.00122157634745937,0.717798529867907,0.915198060080071,FALSE,FALSE
"G1958",0.391416788935288,-0.0945406753281032,0.718708150630516,0.915198060080071,FALSE,FALSE
"G0080",-0.0601191913503692,-0.126703323361194,0.720546952666283,0.915561566284985,TRUE,FALSE
"G1096",-0.638620500617601,-0.0595951178060621,0.720499306970128,0.915561566284985,TRUE,FALSE
"G1063",-0.384539895488476,-0.0943484302807399,0.72202096039338,0.916852013197943,TRUE,FALSE
"G0992",0.845467412356198,-0.0191943697647669,0.722761696995027,0.917210275374399,FALSE,FALSE
"G1822",-0.314827946205171,0.101647163690787,0.724083631519343,0.918305176308615,FALSE,FALSE
"G1698",0.809796443106891,0.0261866045462134,0.724651158810915,0.918442533347167,TRUE,FALSE
"G0326",-0.638404646984218,0.0579290151385416,0.725258829800857,0.918630563395639,FALSE,FALSE
"G1197",0.906149174876552,0.00310920723414864,0.726247616827566,0.919108446249524,TRUE,FALSE
"G1359",-0.708633122053544,-0.045313938719016,0.726555226760249,0.919108446249524,TRUE,FALSE
"G0385",0.57607752614667,0.066896174762621,0.727701248998333,0.919367834694651,TRUE,FALSE
"G1296",0.568885735628597,-0.0678580765402493,0.728057135958019,0.919367834694651,FALSE,FALSE
"G1572",-0.393221778342938,0.0914432420594434,0.728139325078164,0.919367834694651,FALSE,FALSE
"G0949",0.452456113831145,0.083779294416648,0.728998268541231,0.919871632228683,TRUE,FALSE
"G1015",0.82554913408199,-0.020206252720493,0.730654485308239,0.920799603413029,FALSE,FALSE
"G1681",0.573534752706902,-0.0663312609202577,0.730460915096152,0.920799603413029,FALSE,FALSE
"G0249",-0.255571634239904,0.105381502644153,0.732816678055963,0.921202612263938,FALSE,FALSE
"G1241",-0.384968561551574,0.0910493843687953,0.732639946736118,0.921202612263938,FALSE,FALSE
"G1762",-0.0955938188855854,0.120726494550205,0.731776914614971,0.921202612263938,FALSE,FALSE
"G1884",-0.642203301330347,-0.0547808107219708,0.73222844008663,0.921202612263938,TRUE,FALSE
"G0374",0.720091121287667,-0.0396227377036578,0.735781319396545,0.921460280379628,FALSE,FALSE
"G0563",-0.169554069656641,-0.113091599635023,0.735416780717793,0.921460280379628,TRUE,FALSE
"G0590",-0.0352810090657197,-0.125020618268054,0.734447558218694,0.921460280379628,TRUE,FALSE
"G0780",-0.679843404739828,0.0474634093623875,0.734509889981938,0.921460280379628,FALSE,FALSE
"G0786",0.467851674195392,0.0797302329524891,0.735310680711307,0.921460280379628,TRUE,FALSE
"G1908",0.408038985917213,0.087261331600541,0.735786033883133,0.921460280379628,TRUE,FALSE
"G0198",-0.442317718666929,0.0826788093648246,0.736561478631879,0.921854165997345,FALSE,FALSE
"G0772",-0.278439107296112,0.10168583043779,0.737281105441898,0.92192840259494,FALSE,FALSE
"G1532",-0.688125437397462,0.0448321350080627,0.737542722075952,0.92192840259494,FALSE,FALSE
"G1947",0.4856470358289,-0.0762985492343686,0.738460054388206,0.922498506418745,FALSE,FALSE
"G1639",-0.593280585043915,-0.0595305505407278,0.741141768010384,0.92527062173581,TRUE,FALSE
"G0238",0.482247222776156,0.0754483445237273,0.742450356926355,0.925748574721141,TRUE,FALSE
"G1249",-0.483083828777405,0.0753612006580676,0.742366762257705,0.925748574721141,FALSE,FALSE
"G0060",-0.39437355302276,0.0866584685904172,0.74308481217101,0.925962382767614,FALSE,FALSE
"G0480",-0.28459365979305,0.0988160444714795,0.744748840750704,0.927007392860968,FALSE,FALSE
"G1323",-0.7089109834713,-0.0376591464766887,0.746112986086895,0.927007392860968,TRUE,FALSE
"G1523",-0.815686817070391,0.0156531654051301,0.746044345633805,0.927007392860968,FALSE,FALSE
"G1535",0.805546728822644,-0.0183038682910982,0.745168513145333,0.927007392860968,FALSE,FALSE
"G1878",0.377606177645246,0.0877155991228481,0.746240951253079,0.927007392860968,TRUE,FALSE
"G0913",-0.851242489529453,0.00687501559976588,0.747110232620331,0.927511151608108,FALSE,FALSE
"G0279",0.0613414424510207,-0.118837019550842,0.749402363073152,0.929383342656097,FALSE,FALSE
"G0639",0.227310386780745,-0.103411720019924,0.749547665852142,0.929383342656097,FALSE,FALSE
"G0602",0.0127198373321256,-0.122248841650964,0.751531535475826,0.929552626832816,FALSE,FALSE
"G1276",-0.127903122118574,0.112413107528824,0.751543298794332,0.929552626832816,FALSE,FALSE
"G1630",-0.822547689463243,0.0119211423810802,0.750867454492606,0.929552626832816,FALSE,FALSE
"G1772",-0.450927228239281,-0.0768140567811137,0.751166866153141,0.929552626832816,TRUE,FALSE
"G0506",-0.181974398105336,-0.106114174963421,0.755781440783251,0.931338805647876,TRUE,FALSE
"G0525",-0.796255985784339,0.016583090463909,0.753747999987423,0.931338805647876,FALSE,FALSE
"G0565",-0.775550915205345,-0.0205128119892084,0.755096914968068,0.931338805647876,TRUE,FALSE
"G0762",0.791024763837734,-0.0171567382840809,0.755068855801184,0.931338805647876,FALSE,FALSE
"G1073",-0.42971793567404,0.0781737967931162,0.755572624991567,0.931338805647876,FALSE,FALSE
"G1430",0.825804061208806,-0.00910391148355381,0.755367946735744,0.931338805647876,FALSE,FALSE
"G0111",0.0738305318446132,0.115106133228973,0.759061756038382,0.932007348864619,TRUE,FALSE
"G0183",-0.305308925970688,0.092038026779556,0.759585989324665,0.932007348864619,FALSE,FALSE
"G0551",-0.340659061576436,-0.0881359527789226,0.759012153552531,0.932007348864619,TRUE,FALSE
"G0576",-0.529349915526749,0.0634867856929873,0.757807858845696,0.932007348864619,FALSE,FALSE
"G0605",-0.177387754282478,0.105544961243221,0.759290639831087,0.932007348864619,FALSE,FALSE
"G0973",0.498271000392072,0.0679530377566352,0.758048859295381,0.932007348864619,TRUE,FALSE
"G1883",0.696300671493303,-0.0351943090519828,0.75827724959862,0.932007348864619,FALSE,FALSE
"G1384",0.482380757411327,-0.0692229162192984,0.760948325008347,0.933106468434515,FALSE,FALSE
"G1237",0.664013191727257,0.0395317315908945,0.762487179096029,0.934420562617682,TRUE,FALSE
"G0413",-0.494249394753101,-0.066418765772974,0.764186699352578,0.934784953336486,TRUE,FALSE
"G1069",-0.177704306126236,-0.104104173028991,0.764137925869543,0.934784953336486,TRUE,FALSE
"G1334",0.505147383068437,0.0649157975402205,0.763960424711576,0.934784953336486,TRUE,FALSE
"G1848",0.490773929763703,-0.0660347893313554,0.766743228816912,0.937338910534122,FALSE,FALSE
"G0122",-0.439857636843203,-0.0722096837076994,0.769482277629441,0.938393021499318,TRUE,FALSE
"G0815",0.031439264369752,0.116102248960845,0.768409285358459,0.938393021499318,TRUE,FALSE
"G1205",-0.567047025402639,0.0535859147525285,0.769142251402685,0.938393021499318,FALSE,FALSE
"G1649",0.824591886022512,-0.00306042824902968,0.768859886508632,0.938393021499318,FALSE,FALSE
"G1395",-0.338359381732316,-0.0847795385567123,0.770518513130844,0.939084111067451,TRUE,FALSE
"G0428",0.19294978270913,-0.100533514690937,0.771129448633802,0.939256332075276,FALSE,FALSE
"G0041",0.470489453107761,0.0664807411213039,0.773825776674768,0.941966861442201,TRUE,FALSE
"G1716",0.116412602428405,0.106257917470378,0.776795310384268,0.945006460321494,TRUE,FALSE
"G1184",-0.777271197344697,-0.00996920234685206,0.777831260228466,0.945691501797527,TRUE,FALSE
"G0135",0.179805166816406,0.099321321885032,0.779616826943783,0.947014647995801,TRUE,FALSE
"G0396",0.111853039012255,0.105787121241061,0.779866562624542,0.947014647995801,TRUE,FALSE
"G0564",0.664868973266608,0.0316517135493599,0.78166492390464,0.947472635035927,TRUE,FALSE
"G0998",-0.799126981726699,-0.00328568904197015,0.781205416313469,0.947472635035927,TRUE,FALSE
"G1923",0.760675548441982,0.0120967384948898,0.78133574786791,0.947472635035927,TRUE,FALSE
"G1678",0.303722907810786,0.0850739669355928,0.782414467912198,0.947806744896666,TRUE,FALSE
"G0113",0.334980103391354,0.0808328241281105,0.784047108284093,0.948061799618009,TRUE,FALSE
"G0177",-0.329867327498483,-0.0815713171796906,0.783676385182969,0.948061799618009,TRUE,FALSE
"G0526",-0.397569450150752,-0.0729944912689467,0.783875085769875,0.948061799618009,TRUE,FALSE
"G0485",0.758397523687175,-0.0107227283342935,0.785439446128561,0.949171536107022,FALSE,FALSE
"G0084",0.224218574159447,0.0924217363615984,0.787218155880572,0.949435764833492,TRUE,FALSE
"G0750",-0.294393117373541,-0.0847345591491318,0.786866643358877,0.949435764833492,TRUE,FALSE
"G1223",-0.778744876326706,0.00507169139464284,0.787556966929382,0.949435764833492,FALSE,FALSE
"G1360",0.353487396178715,0.07760112427749,0.786960732536284,0.949435764833492,TRUE,FALSE
"G0600",0.0174632661510191,-0.111655056804897,0.788371901218696,0.949845664118911,FALSE,FALSE
"G1877",-0.16801969781549,0.097596723049988,0.789259708950368,0.950342816315916,FALSE,FALSE
"G0146",-0.4882025094258,0.0578259488300533,0.79095490741737,0.951238613851316,FALSE,FALSE
"G0851",-0.374712307021741,0.0736618882250103,0.790703423965462,0.951238613851316,FALSE,FALSE
"G0094",-0.00914895226735463,0.108347027227769,0.802285717351824,0.951861702142059,FALSE,FALSE
"G0100",0.38200755917038,-0.0714076856471132,0.794555726974526,0.951861702142059,FALSE,FALSE
"G0124",-0.554597596334913,0.0466954508586554,0.792870849774712,0.951861702142059,FALSE,FALSE
"G0266",-0.00566789314053156,-0.107685930055905,0.805557847473861,0.951861702142059,TRUE,FALSE
"G0356",-0.340454835360631,-0.076593820556634,0.794875214162857,0.951861702142059,TRUE,FALSE
"G0366",-0.655632596473974,0.0231055611401575,0.806055466107432,0.951861702142059,FALSE,FALSE
"G0370",-0.394006912428776,0.0690649943916487,0.796763834899897,0.951861702142059,FALSE,FALSE
"G0414",0.669588183914499,0.0235140153827247,0.798758331487641,0.951861702142059,TRUE,FALSE
"G0429",-0.555236251879244,0.041542942125701,0.805799098847173,0.951861702142059,FALSE,FALSE
"G0464",-0.74324768197525,-0.00481966036156871,0.805275884597632,0.951861702142059,TRUE,FALSE
"G0476",-0.580971315835475,0.0377900841308406,0.804122434454717,0.951861702142059,FALSE,FALSE
"G0505",0.538952094101553,0.0468751729795234,0.799066672027098,0.951861702142059,TRUE,FALSE
"G0510",0.615064610722324,-0.030991823022767,0.805742163639563,0.951861702142059,FALSE,FALSE
"G0547",0.269770953624943,-0.0858914555296973,0.792071387339896,0.951861702142059,FALSE,FALSE
"G0554",0.314624204958306,0.0759722474465065,0.806226861714324,0.951861702142059,TRUE,FALSE
"G0560",-0.460441208998887,0.0587141459399964,0.799803773349557,0.951861702142059,FALSE,FALSE
"G0588",0.601308856586064,-0.0351241817846215,0.801813124212131,0.951861702142059,FALSE,FALSE
"G0611",0.759842255891014,-0.000941506543058999,0.805295480704519,0.951861702142059,FALSE,FALSE
"G0657",-0.513358846194759,0.0492686964697149,0.803546551372391,0.951861702142059,FALSE,FALSE
"G0696",-0.644735408242739,-0.0307732511535203,0.792989376645358,0.951861702142059,TRUE,FALSE
"G0712",-0.708421944079962,-0.0139030425625153,0.8023626736212,0.951861702142059,TRUE,FALSE
"G0819",-0.053480404684855,0.105347969848608,0.799425891486111,0.951861702142059,FALSE,FALSE
"G0835",-0.593885665293328,-0.0379252286139987,0.798162591971793,0.951861702142059,TRUE,FALSE
"G0901",-0.570994285312183,0.0392846002528639,0.804715959638604,0.951861702142059,FALSE,FALSE
"G1027",-0.426500402118622,0.0623203354357692,0.803294473494992,0.951861702142059,FALSE,FALSE
"G1390",0.126956787669901,0.0966311442329759,0.805716968811074,0.951861702142059,TRUE,FALSE
"G1449",0.709141110405417,0.015741269001217,0.79797896597998,0.951861702142059,TRUE,FALSE
"G1490",0.688310257495692,0.0185651438926592,0.801395015287192,0.951861702142059,TRUE,FALSE
"G1775",-0.146078923768904,-0.0975473457436508,0.79659225408474,0.951861702142059,TRUE,FALSE
"G1835",0.48032604872191,0.057773113314514,0.794329406992369,0.951861702142059,TRUE,FALSE
"G1976",0.522021526862458,0.048453538621727,0.802072373754685,0.951861702142059,TRUE,FALSE
"G1315",0.49964579288254,0.0500155366273057,0.807248655769632,0.95250578851874,TRUE,FALSE
"G1621",0.50303989515941,-0.049052112372167,0.808376090436722,0.953270055538896,FALSE,FALSE
"G1675",-0.567620519784156,0.0382027465625251,0.808849642124753,0.953270055538896,FALSE,FALSE
"G0123",-0.718511451938464,0.00732598432996536,0.811730268154369,0.955538867750876,FALSE,FALSE
"G1195",0.310329445057101,-0.074701399174206,0.811537149502138,0.955538867750876,FALSE,FALSE
"G0795",-0.360666003351832,-0.0670709254510121,0.815110399295448,0.956702346590901,TRUE,FALSE
"G0803",-0.146723902426033,-0.0920423517090235,0.814176587611184,0.956702346590901,TRUE,FALSE
"G1198",0.401142830956497,-0.0619247592563273,0.814225452267564,0.956702346590901,FALSE,FALSE
"G1258",0.0598749090244955,-0.10062298503578,0.813319319492874,0.956702346590901,FALSE,FALSE
"G1766",-0.607072348513071,-0.0286431661218506,0.814810870696371,0.956702346590901,TRUE,FALSE
"G0514",0.204477252550871,-0.0847888169195637,0.817946892894069,0.959468496063424,FALSE,FALSE
"G1153",-0.163649099670905,0.0889241721347388,0.818548080803832,0.959610880192066,FALSE,FALSE
"G0886",0.664498798923618,-0.015466587132637,0.819129376643583,0.959729791029389,FALSE,FALSE
"G1577",-0.732591874440364,-0.00018006659709257,0.819783636446548,0.959934000522889,TRUE,FALSE
"G1970",0.0752599984630792,-0.0968023868287584,0.821149991542383,0.960971318364403,FALSE,FALSE
"G1283",0.192504699318315,-0.0848257419242387,0.821795577988826,0.961164418700381,FALSE,FALSE
"G0301",0.341248399134537,-0.0668406505566073,0.822920390339568,0.961559140472272,FALSE,FALSE
"G0946",-0.383749583492094,0.0609232112137064,0.823575403814501,0.961559140472272,FALSE,FALSE
"G1356",0.456607433185569,0.0505007854479379,0.823302087319499,0.961559140472272,TRUE,FALSE
"G0095",-0.125309208413434,0.0890858446023913,0.830187743869071,0.961781194045832,FALSE,FALSE
"G0129",-0.674169320106069,0.00698625176485066,0.832740650393524,0.961781194045832,FALSE,FALSE
"G0130",-0.501297185429917,0.0392576859075178,0.833788548454004,0.961781194045832,FALSE,FALSE
"G0251",0.06526641700069,0.0962202783632924,0.826012860558227,0.961781194045832,TRUE,FALSE
"G0444",0.457089825662592,0.0473887243378139,0.831107689439909,0.961781194045832,TRUE,FALSE
"G0549",0.630807390367713,0.0184089811063744,0.827663202576324,0.961781194045832,TRUE,FALSE
"G0623",-0.546434668144039,-0.0320674233052165,0.832567833963789,0.961781194045832,TRUE,FALSE
"G0775",0.293483694441495,-0.0702706347979131,0.830333205167649,0.961781194045832,FALSE,FALSE
"G0941",-0.615747889000869,0.0188122829176781,0.833329318243005,0.961781194045832,FALSE,FALSE
"G0971",-0.0193399555708498,-0.0979353262640164,0.833904986923046,0.961781194045832,TRUE,FALSE
"G1032",-0.486471495507802,0.0433395909633364,0.829676000156623,0.961781194045832,FALSE,FALSE
"G1297",0.667450330177768,0.0114618179085099,0.82641004172271,0.961781194045832,TRUE,FALSE
"G1331",0.477716591999452,-0.0434417839873961,0.832904373117284,0.961781194045832,FALSE,FALSE
"G1337",0.0467896381203125,0.0960965881310589,0.831853938485619,0.961781194045832,TRUE,FALSE
"G1357",-0.501574752421928,0.0393038900077354,0.833564603804926,0.961781194045832,FALSE,FALSE
"G1380",0.0890088693866029,0.093738416143122,0.826778202056875,0.961781194045832,TRUE,FALSE
"G1575",-0.632296235408075,-0.0173661747076307,0.829294145820091,0.961781194045832,TRUE,FALSE
"G1579",0.587752193839511,-0.0237561706446961,0.834345185834759,0.961781194045832,FALSE,FALSE
"G1584",-0.477464544690555,-0.0455032380863938,0.827839725550946,0.961781194045832,TRUE,FALSE
"G1684",0.511405751148038,0.0376866230600996,0.833521033867683,0.961781194045832,TRUE,FALSE
"G1907",0.204274368167585,-0.0817674592396179,0.827172356920964,0.961781194045832,FALSE,FALSE
"G1959",-0.402028028070192,-0.0564046570685207,0.828864082218039,0.961781194045832,TRUE,FALSE
"G0426",-0.219668643736572,0.0768846773189742,0.836496297068507,0.962042894845897,FALSE,FALSE
"G1185",0.40786263410391,0.0527420386461331,0.836280138803931,0.962042894845897,TRUE,FALSE
"G1488",0.527156146138147,0.0342377278189583,0.835370374790862,0.962042894845897,TRUE,FALSE
"G1968",-0.594396000802415,0.0219406981433506,0.835578480960317,0.962042894845897,FALSE,FALSE
"G0200",-0.641401156182851,-0.0111328522608392,0.838624509834046,0.962829517605104,TRUE,FALSE
"G0608",0.693386752709799,-0.00013161341718913,0.837899834105703,0.962829517605104,FALSE,FALSE
"G0987",-0.236761630680826,-0.0742929389830876,0.838290553607243,0.962829517605104,TRUE,FALSE
"G0486",0.539662990903339,0.030350732361433,0.839353682786756,0.963113806984229,TRUE,FALSE
"G1332",0.0746825133798951,-0.0905918541620084,0.840878990669534,0.964310769116438,FALSE,FALSE
"G1558",0.46668491467003,-0.0415199076536874,0.841968233297136,0.965006571114196,FALSE,FALSE
"G1368",0.101985742736796,0.0873457394154436,0.842636664914908,0.965219547439757,TRUE,FALSE
"G0042",0.278218649064741,-0.065800008214467,0.848032131144146,0.965668899524754,FALSE,FALSE
"G0334",-0.59532649610771,-0.0161227327738136,0.847819236911957,0.965668899524754,TRUE,FALSE
"G0430",0.274990889851362,0.06479516640903,0.851846785634069,0.965668899524754,TRUE,FALSE
"G0685",0.177792371188778,-0.0771032026730836,0.849401630465993,0.965668899524754,FALSE,FALSE
"G0688",-0.538047910821091,0.0245192353321642,0.85316847273012,0.965668899524754,FALSE,FALSE
"G0911",0.304032006042898,-0.0615507467021664,0.850618178227798,0.965668899524754,FALSE,FALSE
"G0954",-0.222574570956619,-0.0716294100172233,0.850499457756596,0.965668899524754,TRUE,FALSE
"G1085",0.497391496417443,0.0320507066741265,0.852369019145716,0.965668899524754,TRUE,FALSE
"G1124",0.551009936822662,0.0223447939750995,0.852703711861979,0.965668899524754,TRUE,FALSE
"G1156",-0.299175593962755,-0.0617252686855817,0.85182606733361,0.965668899524754,TRUE,FALSE
"G1230",0.202441652299197,0.0752471862116477,0.846833603497299,0.965668899524754,TRUE,FALSE
"G1278",-0.279678879183236,0.066424371132095,0.845830650307534,0.965668899524754,FALSE,FALSE
"G1301",-0.31168916045945,-0.0611621484249375,0.848999074257952,0.965668899524754,TRUE,FALSE
"G1327",0.156863358630424,0.0786489697376822,0.851515914759328,0.965668899524754,TRUE,FALSE
"G1376",0.512077211428476,0.0299183148764214,0.851450202886029,0.965668899524754,TRUE,FALSE
"G1435",0.246559481195228,-0.0679260444407242,0.852848153621491,0.965668899524754,FALSE,FALSE
"G1547",-0.00297020085601345,-0.0952700059177408,0.846921064760197,0.965668899524754,TRUE,FALSE
"G1625",0.265966968936156,0.0659883561422672,0.85165884044478,0.965668899524754,TRUE,FALSE
"G1632",-0.562809635705197,0.0220977436539608,0.848430970917501,0.965668899524754,FALSE,FALSE
"G1724",-0.0130148481904327,0.0924322387865689,0.852886749917569,0.965668899524754,FALSE,FALSE
"G1821",0.388594092073413,-0.0489495666032516,0.853070858139227,0.965668899524754,FALSE,FALSE
"G0214",-0.339343445485698,-0.0549336095976838,0.855579753142048,0.967850399481954,TRUE,FALSE
"G0650",0.456736599588872,-0.036918083284597,0.856775992893668,0.968655729670625,FALSE,FALSE
"G0085",0.0235419851685809,0.0889183632158046,0.860554451522655,0.968991094953243,TRUE,FALSE
"G0724",0.227387446895332,-0.0672443343688176,0.860948587865956,0.968991094953243,FALSE,FALSE
"G0840",-0.575293013734413,0.014773980226869,0.858932179007619,0.968991094953243,FALSE,FALSE
"G0926",0.285455873566112,-0.0602308211381918,0.860415662516202,0.968991094953243,FALSE,FALSE
"G1053",-0.609991214522565,-0.00726317504982966,0.859899811711426,0.968991094953243,TRUE,FALSE
"G1162",-0.364887330459423,0.0499719266904111,0.859059681488757,0.968991094953243,FALSE,FALSE
"G1563",0.178887489683565,-0.0737307367989024,0.858575626057467,0.968991094953243,FALSE,FALSE
"G1588",-0.0754051615052807,0.0842731683062717,0.859589734681439,0.968991094953243,FALSE,FALSE
"G1127",-0.455548815270433,-0.0344795951781301,0.86285766814815,0.970047968688196,TRUE,FALSE
"G1313",0.623132278005593,-0.00315228931023086,0.862488765406045,0.970047968688196,FALSE,FALSE
"G0015",0.35090973068782,0.0497952566784768,0.864420532463214,0.97013222820929,TRUE,FALSE
"G0643",0.10100571319913,0.0788606351107807,0.867669823684481,0.97013222820929,TRUE,FALSE
"G0839",0.370108558443746,-0.0457999352266573,0.86740030592728,0.97013222820929,FALSE,FALSE
"G1131",-0.221761166104173,-0.0668258898217516,0.863873524398832,0.97013222820929,TRUE,FALSE
"G1238",-0.547838197912795,0.0164869569041215,0.866413795314963,0.97013222820929,FALSE,FALSE
"G1434",0.00617451505577059,0.088523356798949,0.86646271421515,0.97013222820929,TRUE,FALSE
"G1447",-0.300270613432989,-0.0560396033231434,0.866193560217366,0.97013222820929,TRUE,FALSE
"G1476",0.514098655546297,-0.0221286058660387,0.867783278133209,0.97013222820929,FALSE,FALSE
"G1604",0.0328009706043174,-0.0864529650460829,0.865253011392978,0.97013222820929,FALSE,FALSE
"G1988",-0.604611722160916,-0.00504938724481795,0.866472271510998,0.97013222820929,TRUE,FALSE
"G0732",-0.462217020759918,0.0303544911220709,0.869638029180306,0.971662602436096,FALSE,FALSE
"G0012",-0.216375790780247,0.0644871318833369,0.871749199784688,0.972391745437465,FALSE,FALSE
"G1964",-0.373015352170107,-0.0439308555002838,0.870831462072333,0.972391745437465,TRUE,FALSE
"G1985",0.0699044802717621,0.0807300607891062,0.871299696027867,0.972391745437465,TRUE,FALSE
"G0736",-0.501393165926139,-0.0220612336729831,0.872795615506501,0.972474223405573,TRUE,FALSE
"G1406",0.142450958926083,-0.0726616975297764,0.872592832917819,0.972474223405573,FALSE,FALSE
"G0519",-0.154014785973495,0.070683238175384,0.874470338258426,0.972714503068327,FALSE,FALSE
"G1655",0.285783361145784,0.0547448294530248,0.874243876732129,0.972714503068327,TRUE,FALSE
"G1967",-0.101618342438391,-0.0765268533030899,0.873970211185596,0.972714503068327,TRUE,FALSE
"G0509",-0.103466125206476,-0.0757983908977171,0.875433974267981,0.973245107579745,TRUE,FALSE
"G0196",-0.308249938350721,0.0497103748466508,0.879111404934609,0.973883001989846,FALSE,FALSE
"G0241",0.0690945982758841,0.0783223259144737,0.878214485738512,0.973883001989846,TRUE,FALSE
"G0290",0.40794415253402,0.0349071116433526,0.879232356678963,0.973883001989846,TRUE,FALSE
"G0386",-0.0520994639309632,0.0790272659436915,0.880951413901813,0.973883001989846,FALSE,FALSE
"G0402",0.178920971863378,-0.0638323217383733,0.884866942111356,0.973883001989846,FALSE,FALSE
"G0412",0.122831641432163,0.0711993918276858,0.88221506078515,0.973883001989846,TRUE,FALSE
"G0693",-0.555797484605983,0.00796488559003902,0.880300885184521,0.973883001989846,FALSE,FALSE
"G0872",-0.424609610431925,0.0289825861815565,0.88623353181076,0.973883001989846,FALSE,FALSE
"G0952",-0.23868131830546,0.0559804364108244,0.886218758919175,0.973883001989846,FALSE,FALSE
"G1074",-0.0465252246593674,-0.0777748894716852,0.885857489473679,0.973883001989846,TRUE,FALSE
"G1077",-0.0636720487547397,0.0785051552298903,0.879212190903341,0.973883001989846,FALSE,FALSE
"G1092",0.196407460672124,-0.0617807693557403,0.884804178175419,0.973883001989846,FALSE,FALSE
"G1094",-0.285042864419352,0.0529364166737188,0.878923804229523,0.973883001989846,FALSE,FALSE
"G1240",0.437105753033052,-0.0276688041968796,0.88459973011433,0.973883001989846,FALSE,FALSE
"G1305",0.527490918982484,0.012412608036191,0.882508409264918,0.973883001989846,TRUE,FALSE
"G1377",-0.447384224532706,0.0267311788465386,0.882907512280072,0.973883001989846,FALSE,FALSE
"G1442",0.491211652130323,-0.02107027990649,0.878699398177197,0.973883001989846,FALSE,FALSE
"G1570",-0.402094025828771,-0.0338375048741258,0.883643378834132,0.973883001989846,TRUE,FALSE
"G1641",-0.482692273091015,-0.0199898973543243,0.884070361913222,0.973883001989846,TRUE,FALSE
"G1794",0.141839870066516,-0.068895883640932,0.882763474627781,0.973883001989846,FALSE,FALSE
"G1896",-0.0670427097681916,0.0760196273147556,0.885020121521312,0.973883001989846,FALSE,FALSE
"G0037",-0.232464147723414,-0.0549058950647845,0.89071742649809,0.974581430175872,TRUE,FALSE
"G0148",-0.390418418086926,0.0319198704483632,0.891796283830153,0.974581430175872,FALSE,FALSE
"G0223",0.161726818855121,-0.0630571209113453,0.891842888473563,0.974581430175872,FALSE,FALSE
"G0268",-0.50918077365596,-0.0103789919911288,0.893239651556882,0.974581430175872,TRUE,FALSE
"G0422",0.329469783429092,0.0411368211476971,0.891967755773879,0.974581430175872,TRUE,FALSE
"G0652",-0.49044270641976,0.0124309821161384,0.896127625046714,0.974581430175872,FALSE,FALSE
"G0890",0.0533177579003455,0.0735130759193591,0.89528994937732,0.974581430175872,TRUE,FALSE
"G0961",-0.329957835667702,-0.0406695332067175,0.892847995134163,0.974581430175872,TRUE,FALSE
"G1026",-0.46391296156182,0.0194105198688209,0.892023387113059,0.974581430175872,FALSE,FALSE
"G1462",0.29088382011186,-0.0472391186824166,0.890541218627362,0.974581430175872,FALSE,FALSE
"G1518",0.293398785092327,-0.0448377832119799,0.895215810818616,0.974581430175872,FALSE,FALSE
"G1530",0.555292978526416,-0.000756284898331126,0.893879933209019,0.974581430175872,FALSE,FALSE
"G1556",0.134811864446898,0.0651831451449584,0.894225658863544,0.974581430175872,TRUE,FALSE
"G1663",-0.511183590208103,0.0086695526406081,0.895718395066773,0.974581430175872,FALSE,FALSE
"G1706",-0.36984609500006,-0.0352333128300056,0.891615023239693,0.974581430175872,TRUE,FALSE
"G1708",0.197789090006425,0.0580707704588752,0.893513717265296,0.974581430175872,TRUE,FALSE
"G1741",-0.16400175056385,0.0610830729320884,0.896035335100662,0.974581430175872,FALSE,FALSE
"G1905",0.548785906763871,-0.0055665867736371,0.887537334588519,0.974581430175872,FALSE,FALSE
"G1969",-0.215893075123934,0.0548971412504231,0.895725098283076,0.974581430175872,FALSE,FALSE
"G0234",-0.538301076039725,-0.00161097770319602,0.898660115946256,0.974685592132598,TRUE,FALSE
"G0261",-0.42652986734355,-0.0230367003148233,0.897825954186699,0.974685592132598,TRUE,FALSE
"G1284",0.36743963595642,0.0329922286019519,0.897203043365192,0.974685592132598,TRUE,FALSE
"G1436",0.447567913449668,0.0192836216849858,0.898013883319216,0.974685592132598,TRUE,FALSE
"G1785",-0.00785426278295549,-0.0768786173728038,0.898287592870451,0.974685592132598,TRUE,FALSE
"G1557",-0.284421053650322,0.0437074016918262,0.900529504000273,0.975749145857612,FALSE,FALSE
"G1819",0.000563215578913007,0.0766847111684674,0.900616461626576,0.975749145857612,TRUE,FALSE
"G0101",0.241895903606986,0.0473557107657117,0.905279599835799,0.976924030101945,TRUE,FALSE
"G0333",-0.237584094046457,0.0483833121571942,0.90426508634074,0.976924030101945,FALSE,FALSE
"G0378",-0.0765527137248828,-0.0656931106002255,0.908678966895467,0.976924030101945,TRUE,FALSE
"G0681",-0.0819917440431946,0.0655022575516293,0.907728498438659,0.976924030101945,FALSE,FALSE
"G0690",0.101269641473852,0.0634525281486298,0.907576161347152,0.976924030101945,TRUE,FALSE
"G0789",0.142551004168543,-0.0604110338411253,0.90366905413018,0.976924030101945,FALSE,FALSE
"G0818",0.174306546340086,-0.0552260804130115,0.906944939939323,0.976924030101945,FALSE,FALSE
"G0829",-0.0640696178455259,-0.0667044849857391,0.909455480852753,0.976924030101945,TRUE,FALSE
"G0942",0.352854881416532,-0.0316561904869658,0.904709992017712,0.976924030101945,FALSE,FALSE
"G1039",-0.462714382489477,-0.0106452344279621,0.909101274570959,0.976924030101945,TRUE,FALSE
"G1414",-0.222848820825283,0.0496993660565,0.905633918737938,0.976924030101945,FALSE,FALSE
"G1429",-0.412036665404596,-0.0195248676358271,0.90951627202491,0.976924030101945,TRUE,FALSE
"G1443",0.0185769770195301,0.0733881105392064,0.904520190258137,0.976924030101945,TRUE,FALSE
"G1608",-0.403126681401769,0.0215559562666013,0.908548930378814,0.976924030101945,FALSE,FALSE
"G1914",-0.435433354565911,-0.0172852053022436,0.906005841472202,0.976924030101945,TRUE,FALSE
"G1984",0.442739450647041,0.0179702081885329,0.902224400208861,0.976924030101945,TRUE,FALSE
"G0048",0.147573404049434,-0.0566548399597711,0.911024628537226,0.977496046884802,FALSE,FALSE
"G0163",0.105138019037167,0.0596422562270345,0.915425047907617,0.977496046884802,TRUE,FALSE
"G0172",-0.501442395146708,-0.00145839382674942,0.912022199364621,0.977496046884802,TRUE,FALSE
"G0580",0.369103715328425,-0.024065999365544,0.914600392865877,0.977496046884802,FALSE,FALSE
"G1120",0.0520806864869834,-0.0657582215235792,0.914713262673706,0.977496046884802,FALSE,FALSE
"G1348",0.258656214428526,-0.0408375446799002,0.914382100901964,0.977496046884802,FALSE,FALSE
"G1672",-0.221095148584033,-0.0465003940159781,0.913154950807709,0.977496046884802,TRUE,FALSE
"G1696",-0.301734678682412,0.0347931178231802,0.914110048505985,0.977496046884802,FALSE,FALSE
"G1897",0.440053543479348,-0.0116983629297964,0.914751899994263,0.977496046884802,FALSE,FALSE
"G1932",0.297339761067981,-0.0348563418255352,0.915290291007812,0.977496046884802,FALSE,FALSE
"G1980",-0.493266201603452,-0.00359673650927771,0.911159689177913,0.977496046884802,TRUE,FALSE
"G0119",-0.104852065234789,-0.0593260161294366,0.916215680090539,0.9778182284851,TRUE,FALSE
"G1126",0.0494701524457691,0.0651386198434883,0.916802818610182,0.977923006517528,TRUE,FALSE
"G0403",-0.282546591643236,-0.0352309692214487,0.918874912111616,0.978046739873992,TRUE,FALSE
"G1199",0.0756974415287978,0.0618192736952051,0.917938550203862,0.978046739873992,TRUE,FALSE
"G1437",-0.245017937545673,0.0411295392219612,0.917682506811514,0.978046739873992,FALSE,FALSE
"G1956",0.454623064744706,-0.00685846351255631,0.918464116750876,0.978046739873992,FALSE,FALSE
"G0171",-0.375580745942977,-0.0202797526397509,0.919678748938652,0.978261932000917,TRUE,FALSE
"G0820",-0.424758034043152,0.0113020587544994,0.920379489634472,0.978261932000917,FALSE,FALSE
"G1102",-0.0457072264322655,0.0639087768444033,0.920544478012863,0.978261932000917,FALSE,FALSE
"G0568",0.435210514869015,-0.00835880497603118,0.92213944407811,0.978337841745874,FALSE,FALSE
"G0869",-0.433613832458068,-0.00842296678399701,0.922535787673641,0.978337841745874,TRUE,FALSE
"G1054",-0.313281133735337,-0.028844093985303,0.922357805324498,0.978337841745874,TRUE,FALSE
"G1695",0.383184177276283,-0.0173936549396379,0.922572584766359,0.978337841745874,FALSE,FALSE
"G0897",-0.0791668261764699,-0.058406145436399,0.924683300003764,0.979567290767446,TRUE,FALSE
"G1656",0.215801603761212,0.0416440285207085,0.924711522484469,0.979567290767446,TRUE,FALSE
"G0036",0.453733177541175,-0.00209130378197513,0.926685851785524,0.980212777778475,FALSE,FALSE
"G1355",0.167204471682409,0.047127318046097,0.926421800868657,0.980212777778475,TRUE,FALSE
"G1403",0.102143508821335,-0.0548125051496322,0.926791181389549,0.980212777778475,FALSE,FALSE
"G0452",0.0633457930705781,-0.0581439464172727,0.929040669768075,0.981492077123615,FALSE,FALSE
"G1014",-0.315451534215849,0.0243878482143817,0.929963743074625,0.981492077123615,FALSE,FALSE
"G1172",-0.0172271235923625,-0.0627933602468054,0.929693179083771,0.981492077123615,TRUE,FALSE
"G1711",-0.107707243347335,-0.0527309418577295,0.929795655172618,0.981492077123615,TRUE,FALSE
"G0788",0.311082359587522,0.0235173197630751,0.932736532720499,0.98389929611867,TRUE,FALSE
"G0226",0.389734521255614,-0.00780427389849584,0.936796681136708,0.984229017677237,FALSE,FALSE
"G0233",0.40148074643659,-0.00338797495062876,0.940296236749434,0.984229017677237,FALSE,FALSE
"G0483",0.0599965734692298,0.0547093032713408,0.93694433149569,0.984229017677237,TRUE,FALSE
"G0661",0.333783306704956,0.0189780393744331,0.934276017143454,0.984229017677237,TRUE,FALSE
"G0686",0.292250881034058,0.02205466780622,0.940350691667209,0.984229017677237,TRUE,FALSE
"G0905",0.0889266087987601,0.0495463877531828,0.940577820547725,0.984229017677237,TRUE,FALSE
"G0962",0.363498740513271,-0.00923866096201999,0.941907169917116,0.984229017677237,FALSE,FALSE
"G1079",0.378375480525493,-0.0089486147951633,0.938220128210275,0.984229017677237,FALSE,FALSE
"G1087",-0.0944719078341068,0.0496181668848138,0.939174711555813,0.984229017677237,FALSE,FALSE
"G1193",-0.19352784002616,0.0363401706281107,0.940560538696976,0.984229017677237,FALSE,FALSE
"G1244",-0.410631815753392,-0.00428300331813365,0.936283744773842,0.984229017677237,TRUE,FALSE
"G1343",-0.289544655064722,-0.0228409431473496,0.939738868880763,0.984229017677237,TRUE,FALSE
"G1520",-0.175293900190847,0.0382022123120116,0.941618626898513,0.984229017677237,FALSE,FALSE
"G1582",0.126046063804915,0.0472822827835539,0.93633723487059,0.984229017677237,TRUE,FALSE
"G1646",0.257656207099338,0.0294127607336348,0.936719828039534,0.984229017677237,TRUE,FALSE
"G1701",-0.405339182535091,-0.00671887421330276,0.933987282664651,0.984229017677237,TRUE,FALSE
"G1815",-0.130479534484138,0.0451213192045201,0.939446808664463,0.984229017677237,FALSE,FALSE
"G1900",0.189044548616711,-0.0362429454152903,0.941828054384519,0.984229017677237,FALSE,FALSE
"G1903",0.0957659305814221,0.0477018141322672,0.942552130822339,0.984388648378422,TRUE,FALSE
"G0025",0.294808759565037,0.0199442014029937,0.943175844850204,0.984525934081632,TRUE,FALSE
"G0021",-0.326489593374826,0.00821289752950503,0.953088517228677,0.989541644786499,FALSE,FALSE
"G0104",-0.248247104968965,-0.0196644484584951,0.95502004366851,0.989541644786499,TRUE,FALSE
"G0259",0.275330299618763,0.016418922934104,0.953524067563119,0.989541644786499,TRUE,FALSE
"G0478",-0.172675318153217,-0.03253533824339,0.952004379259775,0.989541644786499,TRUE,FALSE
"G0571",0.0936176173045456,-0.0434747980460728,0.950711502268996,0.989541644786499,FALSE,FALSE
"G0621",0.101057448186687,-0.0398048012810151,0.955402458041364,0.989541644786499,FALSE,FALSE
"G0902",0.286539016362005,0.0161548594254559,0.951219562495992,0.989541644786499,TRUE,FALSE
"G1108",-0.234491194840375,0.0220914033851966,0.954517749302477,0.989541644786499,FALSE,FALSE
"G1225",0.308013117041762,-0.0112623957515279,0.953233952710625,0.989541644786499,FALSE,FALSE
"G1236",-0.173681631884584,-0.0310789511558236,0.954140924732234,0.989541644786499,TRUE,FALSE
"G1374",0.36724335283949,-0.000977167907444905,0.953004904222617,0.989541644786499,FALSE,FALSE
"G1590",0.260078388442021,0.0200019140314345,0.951732173554752,0.989541644786499,TRUE,FALSE
"G1631",-0.046654962586115,-0.0465222512420665,0.955074522783723,0.989541644786499,TRUE,FALSE
"G1665",0.274707476597814,0.0179784866980076,0.951320722751809,0.989541644786499,TRUE,FALSE
"G1837",-0.23264168238354,-0.0223294149504473,0.954578737378353,0.989541644786499,TRUE,FALSE
"G1668",-0.114104627694276,0.0361606567481904,0.958632868551716,0.991979570859777,FALSE,FALSE
"G1961",0.135789208790574,-0.0332662895088922,0.958748255235975,0.991979570859777,FALSE,FALSE
"G0067",-0.269013537930427,0.0118088896206438,0.961524166893721,0.992816672564847,FALSE,FALSE
"G0664",0.258361128941135,0.0143251792577153,0.960431029091775,0.992816672564847,TRUE,FALSE
"G0862",-0.298578025706688,0.00737207813037741,0.960864606219962,0.992816672564847,FALSE,FALSE
"G1996",-0.186757799251065,0.0243820612254625,0.961542947379055,0.992816672564847,FALSE,FALSE
"G0182",-0.0128280098786072,-0.0446077237384388,0.964542374298576,0.992902733780343,TRUE,FALSE
"G0980",-0.211414689679582,-0.020362211488663,0.962124485697971,0.992902733780343,TRUE,FALSE
"G1047",-0.261585559466751,-0.0108399105407892,0.964421492644806,0.992902733780343,TRUE,FALSE
"G1207",-0.190291544554818,-0.0221530085608502,0.96398204843159,0.992902733780343,TRUE,FALSE
"G1421",0.11980643627905,-0.0318593560190628,0.964054625393025,0.992902733780343,FALSE,FALSE
"G1860",-0.318061192773509,0.00104965209928274,0.964605005867603,0.992902733780343,FALSE,FALSE
"G0016",-0.174546928731224,-0.0208923578351603,0.968778611772393,0.993225559112918,TRUE,FALSE
"G0074",0.254948236041434,-0.00657868994783934,0.971060782920614,0.993225559112918,FALSE,FALSE
"G0152",-0.1429047109211,0.0249234792490478,0.969379608706276,0.993225559112918,FALSE,FALSE
"G0237",0.118845015006807,0.0284312169736034,0.969069427310956,0.993225559112918,TRUE,FALSE
"G0339",-0.00255583605038963,-0.0411870488432156,0.971332656310695,0.993225559112918,TRUE,FALSE
"G0390",-0.236749292754605,0.0115958973766809,0.968570446422585,0.993225559112918,FALSE,FALSE
"G0625",-0.139871559492049,-0.0232839558107393,0.972053059943643,0.993225559112918,TRUE,FALSE
"G1229",-0.105657693844905,-0.0276975047994592,0.972367822371546,0.993225559112918,TRUE,FALSE
"G1245",0.100808276763203,-0.0319239523112857,0.967523558844871,0.993225559112918,FALSE,FALSE
"G1299",0.0155086723690204,-0.0426949798142337,0.966992408188494,0.993225559112918,FALSE,FALSE
"G1308",-0.0693015234885069,-0.0326104532926869,0.972095408430817,0.993225559112918,TRUE,FALSE
"G1464",-0.222340612523746,-0.0113308033347525,0.971689713479351,0.993225559112918,TRUE,FALSE
"G1795",0.0923232740268209,-0.0311390446412857,0.970125810737018,0.993225559112918,FALSE,FALSE
"G1855",0.0578237816269766,0.0343349113137245,0.971705977459296,0.993225559112918,TRUE,FALSE
"G1861",-0.24265728854129,0.0130294774395417,0.965539832743744,0.993225559112918,FALSE,FALSE
"G0761",0.00511352840900145,0.0396621663668498,0.973032338164133,0.993271369844975,TRUE,FALSE
"G1725",0.202264013941686,0.0130193775742117,0.973405942448076,0.993271369844975,TRUE,FALSE
"G0034",-0.230141136270548,0.00629408794866356,0.976005397473983,0.995006497176535,FALSE,FALSE
"G1796",0.0988041281826466,-0.0256174694113295,0.976101373730181,0.995006497176535,FALSE,FALSE
"G0230",-0.0725931047832675,-0.0281270870068585,0.977223776355516,0.995136228467938,TRUE,FALSE
"G1973",-0.197332650732912,0.0107439948572516,0.976860638510469,0.995136228467938,FALSE,FALSE
"G0105",0.183583707943453,-0.00701432154958267,0.982870794011483,0.995377663458302,FALSE,FALSE
"G0121",-0.0995369519713592,-0.0174207793797616,0.984818556215002,0.995377663458302,TRUE,FALSE
"G0315",-0.015519728626234,0.0314563954775712,0.981637593760687,0.995377663458302,FALSE,FALSE
"G0531",0.122054814822625,0.0201643783903644,0.978734189265268,0.995377663458302,TRUE,FALSE
"G0622",0.148762211652968,-0.016502067463684,0.978567376481577,0.995377663458302,FALSE,FALSE
"G0874",-0.196594948982215,0.00214185061269223,0.985388345439194,0.995377663458302,FALSE,FALSE
"G0925",-0.11130084868045,-0.017268094458368,0.983366383617374,0.995377663458302,TRUE,FALSE
"G0950",0.0575658703764589,0.0272676632392816,0.980453952198637,0.995377663458302,TRUE,FALSE
"G0956",-0.0154659027849208,-0.0283515636924844,0.984926310490135,0.995377663458302,TRUE,FALSE
"G1165",0.145173889834543,-0.00984244528023163,0.985702559736267,0.995377663458302,FALSE,FALSE
"G1375",-0.00586595719077163,0.0337321212633543,0.980375971991893,0.995377663458302,FALSE,FALSE
"G1410",0.0280100358299621,0.0257712450179129,0.985921575655448,0.995377663458302,TRUE,FALSE
"G1468",-0.0783011742939207,0.0218814632982489,0.983291847654669,0.995377663458302,FALSE,FALSE
"G1493",-0.150187061400433,-0.012908660420574,0.982106099764514,0.995377663458302,TRUE,FALSE
"G1521",0.035154801957687,0.0264702572984235,0.98434099670985,0.995377663458302,TRUE,FALSE
"G1607",0.167329284881351,0.0123694762822046,0.980040529906536,0.995377663458302,TRUE,FALSE
"G1755",0.203410754666837,0.00234819822336788,0.984232589242327,0.995377663458302,TRUE,FALSE
"G0417",0.0729869418013214,0.0171501811258,0.9883600936316,0.996833175624407,TRUE,FALSE
"G1550",0.0600225555202971,0.0190317001852083,0.988255520814872,0.996833175624407,TRUE,FALSE
"G0323",-0.058414483783753,-0.01578222065994,0.991034433246519,0.997329185850699,TRUE,FALSE
"G0353",0.0681565280589811,-0.0139383624691088,0.991404218986993,0.997329185850699,FALSE,FALSE
"G0619",-0.0862684990395799,-0.0134332473589289,0.989877000312048,0.997329185850699,TRUE,FALSE
"G0923",0.13726245583651,0.0033028290099761,0.991747261200617,0.997329185850699,TRUE,FALSE
"G0996",-0.0080556407117813,-0.0213305734474462,0.99184387532852,0.997329185850699,TRUE,FALSE
"G1611",-0.139666180672888,-0.00518621169110567,0.990162155235415,0.997329185850699,TRUE,FALSE
"G0082",-0.140839387157354,-6.44193100924217e-06,0.993475587825537,0.998467927462851,TRUE,FALSE
"G1514",0.0033002573416574,-0.0177829576917317,0.994617086473688,0.998611532604105,FALSE,FALSE
"G1561",0.0502377393554855,0.0116175645818851,0.99454626642132,0.998611532604105,TRUE,FALSE
"G0655",0.063470471357051,0.0074883881036672,0.995775352623547,0.998771667626426,TRUE,FALSE
"G1541",0.0234656656005183,-0.0136189743040333,0.995472891766515,0.998771667626426,FALSE,FALSE
"G0258",-0.0100414162545742,-0.0110547342018141,0.997525956454262,0.99879774837538,TRUE,FALSE
"G0340",-0.0382277709150002,0.00414358509284037,0.998567687781263,0.99879774837538,FALSE,FALSE
"G0436",0.037356564959467,0.00345835417571345,0.99879774837538,0.99879774837538,TRUE,FALSE
"G0974",-0.0582467351906532,0.00162115528349874,0.998451858053987,0.99879774837538,FALSE,FALSE
"G1573",-0.0901356091009884,0.0008867661422407,0.997000953880372,0.99879774837538,FALSE,FALSE
"G1690",-0.0382892238599665,-0.00807257823246576,0.997156878116004,0.99879774837538,TRUE,FALSE
